Z,el,A,N,delr2,Deldelr2,R,DelR,DelRrel,R2N,DelR2N,R2Z,DelR2Z
0,n,1,1,,,-0.1149,0.0027,,,,,
1,H,1,0,0.0,0.0,0.8783,0.0086,,,,,
1,,2,1,3.82007,0.00065,2.1421,0.0088,,,,,
1,,3,2,,,1.7591,0.0363,,0.8808000000000001,0.037304825425137696,,
2,He,3,1,1.0590000000000002,0.003,1.9661,0.003,0.0008,,,2.081,0.004036087214122113
2,,4,2,0.0,0.0,1.6755,0.0028,0.0,,,,
2,,6,4,1.466,0.034,2.066,0.0111,0.0082,0.39049999999999985,0.011447707194019247,,
2,,8,6,0.9109999999999999,0.095,1.9239,0.0306,0.0247,-0.1420999999999999,0.032551036849845505,,
3,Li,6,3,0.0,0.0,2.589,0.039,0.0,,,,
3,,7,4,-0.731,0.022000000000000002,2.444,0.042,0.0046,,,,
3,,8,5,-1.23,0.032,2.339,0.044000000000000004,0.006999999999999999,-0.25,0.058796258384356405,,
3,,9,6,-1.663,0.032,2.245,0.046,0.0073,-0.19899999999999984,0.06228964600958974,,
3,,11,8,-0.5429999999999999,0.069,2.4819999999999998,0.043,0.0141,0.23699999999999966,0.06296824596572466,,
4,Be,7,3,0.66,0.05,2.6460000000000004,0.016,0.0094,,,,
4,,9,5,0.0,0.0,2.519,0.012,0.0,-0.12700000000000022,0.02,,
4,,10,6,-0.79,0.08,2.355,0.017,0.017,,,0.43110000000000004,0.0350051424793558
4,,11,7,-0.28,0.05,2.463,0.015,0.0102,-0.05600000000000005,0.019209372712298545,,
5,B,10,5,,,2.4277,0.0499,,,,0.08870000000000022,0.0665282646699882
5,,11,6,,,2.406,0.0294,,,,0.16100000000000003,0.05459267350112101
6,C,12,6,,,2.4702,0.0022,,,,0.11520000000000019,0.017141761869772898
6,,13,7,,,2.4614,0.0034,,,,-0.0016000000000002679,0.015380507143784304
6,,14,8,,,2.5025,0.0087,,0.03229999999999977,0.008973850901368931,,
7,N,14,7,,,2.5582,0.006999999999999999,,,,,
7,,15,8,,,2.6058,0.008,,,,,
8,O,16,8,,,2.6991,0.0052,,,,0.1966000000000001,0.010135580891098447
8,,17,9,,,2.6932,0.0075,,,,,
8,,18,10,,,2.7726,0.0056,,0.07350000000000012,0.00764198926981712,,
9,F,19,10,,,2.8976,0.0025,,,,,
10,Ne,17,7,0.221,0.028999999999999998,3.0413,0.0088,0.0048,,,,
10,,18,8,-0.207,0.015,2.9714,0.0076,0.0025,,,0.2723,0.00920869154657707
10,,19,9,0.017,0.019,3.0082,0.004,0.0032,-0.03310000000000013,0.009666436778875657,0.31499999999999995,0.008499999999999999
10,,20,10,0.0,0.0,3.0055,0.0021,0.0,0.03410000000000002,0.007884795495128582,0.23289999999999988,0.005980802621722271
10,,21,11,-0.217,0.013999999999999999,2.9695,0.0033,0.0023,-0.03869999999999996,0.005185556864985669,,
10,,22,12,-0.322,0.004,2.9525,0.004,0.0034,-0.052999999999999936,0.004517742799230607,,
10,,23,13,-0.5720000000000001,0.034,2.9104,0.0071,0.0057,-0.05909999999999993,0.007829431652425353,,
10,,24,14,-0.628,0.019,2.9007,0.0078,0.0032,-0.05180000000000007,0.00876584280032445,,
10,,25,15,-0.431,0.016,2.9316,0.0088,0.0027,0.021199999999999886,0.01130707742964556,,
10,,26,16,-0.485,0.018000000000000002,2.9251,0.01,0.003,0.024399999999999977,0.012682271089990151,,
10,,28,18,-0.24100000000000002,0.035,2.9642,0.0134,0.0059,0.03909999999999991,0.016720047846821493,,
11,Na,20,9,-0.13,0.07,2.9718,0.042,0.0117,,,,
11,,21,10,0.12,0.05,3.0136,0.0284,0.0083,,,0.11599999999999966,0.02850982286861846
11,,22,11,-0.05,0.04,2.9852,0.0169,0.0067,0.013399999999999856,0.04527261865631367,,
11,,23,12,0.0,0.0,2.9936,0.0021,0.0,-0.020000000000000018,0.028477535005684746,,
11,,24,13,-0.12,0.04,2.9735,0.0169,0.0067,-0.011699999999999822,0.023900209204105304,,
11,,25,14,-0.1,0.03,2.9769,0.0252,0.005,-0.016699999999999715,0.025287348615463823,,
11,,26,15,-0.005,0.018000000000000002,2.9928,0.0331,0.003,0.019299999999999873,0.03716476826242833,,
11,,27,16,0.12,0.04,3.0136,0.0467,0.0067,0.03669999999999973,0.05306533708552128,,
11,,28,17,0.28,0.05,3.04,0.0581,0.0083,0.04720000000000013,0.06686718178598526,,
11,,29,18,0.6,0.08,3.0922,0.0723,0.0132,0.07860000000000023,0.086070784822726,,
11,,30,19,0.76,0.12,3.1180000000000003,0.0884,0.0197,0.07800000000000029,0.10578359986311678,,
11,,31,20,1.09,0.07,3.1704,0.0893,0.0116,0.07819999999999983,0.11489899912531876,,
12,Mg,24,12,,,3.057,0.0016,,,,0.10449999999999982,0.004308131845707603
12,,25,13,,,3.0284,0.0022,,,,0.11799999999999988,0.0074330343736592535
12,,26,14,,,3.0337,0.0018,,-0.023299999999999876,0.002408318915758459,0.133,0.0080049984384758
13,Al,27,14,,,3.0610000000000004,0.0031,,,,0.08410000000000029,0.0253899586451022
14,Si,28,14,,,3.1224,0.0024,,,,0.08869999999999978,0.0029999999999999996
14,,29,15,,,3.1176,0.0052,,,,,
14,,30,16,,,3.1336,0.004,,0.011200000000000099,0.00466476151587624,,
15,P,31,16,,,3.1889,0.0019,,,,,
16,S,32,16,,,3.2611,0.0018,,,,0.12749999999999995,0.004386342439892262
16,,34,18,,,3.2847,0.0021,,0.023600000000000065,0.002765863337187866,,
16,,36,20,,,3.2985,0.0024,,0.013800000000000257,0.0031890437438203945,,
17,Cl,35,18,,,3.3654,0.0191,,,,,
17,,37,20,,,3.384,0.017,,0.018599999999999728,0.025569708641280994,,
18,Ar,32,14,-0.375,0.038,3.3468,0.0062,0.0056,,,,
18,,33,15,-0.395,0.021,3.3438,0.0058,0.0031,,,,
18,,34,16,-0.251,0.006,3.3654,0.004,0.0009,0.018600000000000172,0.007378346698278687,0.10430000000000028,0.004386342439892262
18,,35,17,-0.263,0.026000000000000002,3.3636,0.0042,0.0038,0.01980000000000004,0.007161005515987262,,
18,,36,18,-0.084,0.018000000000000002,3.3905,0.0023,0.0017,0.025099999999999678,0.004614108798023731,0.1057999999999999,0.0031144823004794872
18,,37,19,-0.081,0.009000000000000001,3.3908,0.0022,0.0012,0.027200000000000113,0.004741307836451879,,
18,,38,20,0.0,0.0,3.4028,0.0019,0.0,0.0123000000000002,0.0029832867780352594,0.10429999999999984,0.0030610455730027933
18,,39,21,0.044000000000000004,0.067,3.4093,0.0031,0.0025,0.01849999999999996,0.0038013155617496425,,
18,,40,22,0.16699999999999998,0.009000000000000001,3.4274,0.0026,0.0013,0.024599999999999955,0.0032202484376209236,,
18,,41,23,0.151,0.012,3.4251,0.003,0.0018,0.015800000000000036,0.004313930922024598,,
18,,43,25,0.262,0.012,3.4414,0.0041,0.0018,0.01629999999999976,0.005080354318352216,,
18,,42,24,0.221,0.013999999999999999,3.4354,0.0039,0.002,0.008000000000000007,0.004687216658103186,,
18,,44,26,0.289,0.009000000000000001,3.4454,0.0046,0.0013,0.009999999999999787,0.006030754513325841,,
18,,46,28,0.237,0.022000000000000002,3.4377,0.0044,0.0032,-0.007699999999999818,0.006365532185135819,,
19,K,38,19,-0.057999999999999996,0.040999999999999995,3.4264,0.0051,0.006,,,,
19,,39,20,0.0,0.0,3.4349,0.0019,0.0,,,0.050899999999999945,0.017105846953600398
19,,40,21,0.022000000000000002,0.002,3.4381,0.0028,0.0003,0.011699999999999822,0.005818075283115543,,
19,,41,22,0.11699999999999999,0.006,3.4518,0.0055,0.0009,0.016900000000000137,0.005818934610390462,,
19,,42,23,0.11599999999999999,0.015,3.4517,0.006999999999999999,0.0022,0.013600000000000279,0.007539230729988305,,
19,,43,24,0.14300000000000002,0.009000000000000001,3.4556,0.0086,0.0013,0.0038000000000000256,0.010208329931972222,,
19,,44,25,0.14800000000000002,0.011000000000000001,3.4563,0.0101,0.0016,0.0045999999999999375,0.012288612614937456,,
19,,45,26,0.17600000000000002,0.013000000000000001,3.4605,0.0118,0.0019,0.0049000000000001265,0.014601369798755185,,
19,,46,27,0.14300000000000002,0.012,3.4558,0.0126,0.0017,-0.000500000000000167,0.016148374531202825,,
19,,47,28,0.126,0.013000000000000001,3.4534,0.0138,0.0019,-0.007100000000000328,0.01815709227822561,,
20,Ca,39,19,-0.127,0.016,3.4595,0.0025,0.0023,,,0.06869999999999976,0.0033301651610693427
20,,40,20,0.0,0.0,3.4776,0.0019,0.0,,,0.07479999999999976,0.002687005768508881
20,,41,21,0.003,0.003,3.478,0.0019,0.0004,0.018500000000000405,0.0031400636936215164,0.0687000000000002,0.0036359317925395685
20,,42,22,0.215,0.005,3.5081,0.0021,0.0007,0.030500000000000416,0.002831960451701259,0.08070000000000022,0.0033421549934136807
20,,43,23,0.125,0.003,3.4954,0.0019,0.0005,0.01739999999999986,0.002687005768508881,0.07030000000000003,0.003551056180912941
20,,44,24,0.28300000000000003,0.006,3.5179,0.0021,0.0009,0.009799999999999809,0.0029698484809834993,0.08250000000000002,0.00442944691807002
20,,45,25,0.11900000000000001,0.006,3.4944,0.0021,0.0008,-0.0009999999999998899,0.002831960451701259,0.05300000000000038,0.004606517122512409
20,,46,26,0.124,0.005,3.4953,0.002,0.0007,-0.022600000000000176,0.0029,0.049900000000000055,0.005015974481593781
20,,47,27,0.005,0.001,3.4783,0.0024,0.0002,-0.016100000000000225,0.0031890437438203945,,
20,,48,28,-0.004,0.006,3.4771,0.002,0.0009,-0.018199999999999772,0.00282842712474619,0.0394000000000001,0.004833218389437829
20,,50,30,0.276,0.035,3.5168,0.0064,0.005,0.039699999999999847,0.006705221845696084,,
21,Sc,42,21,0.172,0.031,3.5702,0.0238,0.0044,,,0.13209999999999988,0.023964139876073168
21,,43,22,0.08199999999999999,0.013999999999999999,3.5575,0.0147,0.002,,,0.10570000000000013,0.015695222202950807
21,,44,23,-0.019,0.011000000000000001,3.5432,0.0016,0.0016,-0.02699999999999969,0.023853720883753128,0.09149999999999991,0.007180529228406497
21,,45,24,0.0,0.0,3.5459,0.0025,0.0,-0.011600000000000055,0.014911069713471264,0.09030000000000005,0.00895600357302296
21,,46,25,-0.154,0.008,3.5243,0.0089,0.0011,-0.018899999999999917,0.00904267659490264,0.06800000000000006,0.013461797799699712
22,Ti,44,22,0.14300000000000002,0.037000000000000005,3.6115,0.0051,0.0049,,,0.10339999999999971,0.005515432893255071
22,,45,23,0.013000000000000001,0.017,3.5939,0.0032,0.0024,,,0.09850000000000003,0.003721558813185679
22,,46,24,0.11,0.006999999999999999,3.6069999999999998,0.0022,0.001,-0.0045000000000001705,0.005554277630799527,0.08909999999999973,0.00304138126514911
22,,47,25,0.03,0.004,3.5962,0.0019,0.0006,0.0022999999999999687,0.003721558813185679,0.10179999999999989,0.002831960451701259
22,,48,26,0.0,0.0,3.5921,0.0017,0.0,-0.014899999999999913,0.0027802877548915687,0.0968,0.0026248809496813375
22,,49,27,-0.139,0.009000000000000001,3.5733,0.0021,0.0013,-0.02289999999999992,0.002831960451701259,0.0950000000000002,0.0031890437438203945
22,,50,28,-0.16,0.006999999999999999,3.5704,0.0022,0.001,-0.021700000000000053,0.0027802877548915687,0.09329999999999972,0.0029732137494637013
23,V,51,28,,,3.6002,0.0022,,,,,
24,Cr,50,26,0.099,0.037000000000000005,3.6588,0.0065,0.0051,,,0.06669999999999998,0.00671863081289633
24,,52,28,0.0,0.0,3.6452,0.0042,0.0,-0.013599999999999834,0.007738862965578341,0.0748000000000002,0.004741307836451879
24,,53,29,0.043,0.045,3.6511,0.0075,0.0062,,,,
24,,54,30,0.317,0.045,3.6885,0.0074,0.0061,0.043299999999999894,0.00850881895447306,,
25,Mn,50,25,0.046,0.003,3.7119999999999997,0.0196,0.0004,,,,
25,,51,26,-0.023,0.045,3.7026,0.0212,0.0061,,,,
25,,52,27,-0.259,0.013000000000000001,3.6706,0.0128,0.0018,-0.04139999999999988,0.02340939982143925,,
25,,53,28,-0.292,0.004,3.6662,0.0076,0.0005,-0.03639999999999999,0.022521101216414794,0.06599999999999984,0.007912016177940993
25,,54,29,-0.165,0.006999999999999999,3.6834,0.0049,0.0009,0.012799999999999923,0.013705838172107535,,
25,,55,30,0.0,0.0,3.7057,0.0022,0.0,0.03950000000000031,0.007912016177940993,,
25,,56,31,0.066,0.01,3.7146,0.0052,0.0013,0.031200000000000117,0.0071449282711585,,
26,Fe,54,28,-0.33,0.001,3.6933,0.0019,0.0001,,,0.04809999999999981,0.004609772228646444
26,,56,30,0.0,0.0,3.7377,0.0016,0.0,0.044399999999999995,0.0024839484696748443,0.04919999999999991,0.00757099729229908
26,,57,31,0.10800000000000001,0.001,3.7532,0.0017,0.0001,,,,
26,,58,32,0.27399999999999997,0.002,3.7745,0.0014,0.0003,0.03680000000000039,0.0021260291625469297,,
27,Co,59,32,,,3.7875,0.0021,,,,,
28,Ni,58,30,-0.267,0.005,3.7757,0.002,0.0007,,,0.038000000000000256,0.0025612496949731396
28,,60,32,0.0,0.0,3.8118,0.0016,0.0,0.0360999999999998,0.0025612496949731396,0.03729999999999967,0.0021260291625469297
28,,61,33,0.08199999999999999,0.006999999999999999,3.8225,0.0019,0.001,,,,
28,,62,34,0.21100000000000002,0.006999999999999999,3.8399,0.0021,0.0009,0.028100000000000236,0.002640075756488817,,
28,,64,36,0.33799999999999997,0.01,3.8572,0.0023,0.0013,0.017300000000000093,0.0031144823004794872,,
29,Cu,63,34,,,3.8823,0.0015,,,,,
29,,65,36,,,3.9022,0.0014,,0.01990000000000025,0.002051828452868319,,
30,Zn,64,34,-0.162,0.002,3.9283,0.0015,0.0003,,,0.08840000000000003,0.002580697580112788
30,,66,36,0.0,0.0,3.9491,0.0014,0.0,0.02079999999999993,0.002051828452868319,0.09189999999999987,0.002692582403567252
30,,67,37,0.032,0.003,3.9530000000000003,0.0027,0.0004,,,,
30,,68,38,0.131,0.002,3.9658,0.0014,0.0003,0.01670000000000016,0.001979898987322333,,
30,,70,40,0.28600000000000003,0.003,3.9845,0.0019,0.0004,0.01869999999999994,0.002360084744241189,,
31,Ga,69,38,,,3.9973,0.0017,,,,,
31,,71,40,,,4.0118,0.0018,,0.014499999999999957,0.002475883680627989,,
32,Ge,70,38,,,4.0414,0.0012,,,,0.07560000000000011,0.0018439088914585773
32,,72,40,,,4.0576,0.0013,,0.016199999999999548,0.0017691806012954132,0.07309999999999972,0.0023021728866442675
32,,73,41,,,4.0632,0.0014,,,,,
32,,74,42,,,4.0742,0.0012,,0.016600000000000392,0.0017691806012954132,,
32,,76,44,,,4.0811,0.0012,,0.006899999999999906,0.001697056274847714,,
33,As,75,42,,,4.0968,0.002,,,,,
34,Se,74,40,,,4.07,0.02,,,,0.01240000000000041,0.020042205467462906
34,,76,42,,,4.1395,0.0016,,0.06949999999999967,0.020063897926375123,0.06529999999999969,0.002
34,,77,43,,,4.1395,0.0018,,,,,
34,,78,44,,,4.1406,0.0017,,0.001100000000000101,0.0023345235059857505,0.059499999999999886,0.002080865204668481
34,,80,46,,,4.14,0.0018,,-0.000600000000000378,0.002475883680627989,,
34,,82,48,,,4.14,0.0019,,0.0,0.00261725046566048,,
35,Br,79,44,,,4.1629,0.0021,,,,,
35,,81,46,,,4.1599,0.0021,,-0.0029999999999992255,0.0029698484809834993,,
36,Kr,72,36,-0.168,0.018000000000000002,4.1635,0.006,0.0022,,,,
36,,74,38,0.03,0.005,4.187,0.0041,0.0006,0.0235000000000003,0.007267048919609665,,
36,,75,39,0.221,0.006999999999999999,4.2097,0.0041,0.0008,,,,
36,,76,40,0.156,0.004,4.202,0.0036,0.0005,0.01499999999999968,0.005456189146281496,0.13199999999999967,0.02032141727340886
36,,77,41,0.209,0.005,4.2082,0.0037,0.0006,-0.0015000000000000568,0.005522680508593631,,
36,,78,42,0.172,0.003,4.2038,0.0033,0.0004,0.0018000000000002458,0.004883646178829912,0.06430000000000025,0.0036674241641784493
36,,79,43,0.168,0.004,4.2034,0.0032,0.0005,-0.004799999999999471,0.004891829923454004,0.06390000000000029,0.003671511950137164
36,,80,44,0.114,0.006999999999999999,4.197,0.0029,0.0008,-0.006800000000000139,0.004393176527297759,0.056400000000000006,0.003361547262794322
36,,81,45,0.099,0.004,4.1952,0.0026,0.0005,-0.00820000000000043,0.00412310562561766,,
36,,82,46,0.071,0.003,4.1919,0.0025,0.0004,-0.00509999999999966,0.003828837943815329,0.05190000000000072,0.0030805843601498725
36,,83,47,0.031,0.003,4.1871,0.0023,0.0004,-0.008099999999999774,0.003471310991541956,,
36,,84,48,0.042,0.001,4.1884,0.0022,0.0001,-0.0035000000000007248,0.0033301651610693427,0.0484,0.0029068883707497268
36,,85,49,0.009000000000000001,0.004,4.1846,0.0022,0.0004,-0.002500000000000391,0.0031827660925679096,,
36,,86,50,0.0,0.0,4.1835,0.0021,0.0,-0.004899999999999238,0.00304138126514911,,
36,,87,51,0.125,0.003,4.1984,0.0027,0.0004,0.0138000000000007,0.0034828149534536,,
36,,88,52,0.282,0.004,4.2171,0.0043,0.0005,0.03359999999999985,0.0047853944456021594,,
36,,89,53,0.379,0.004,4.2286,0.0054,0.0005,0.030199999999999783,0.006037383539249433,,
36,,90,54,0.495,0.01,4.2423,0.0069,0.0012,0.02519999999999989,0.008130190649671139,,
36,,91,55,0.597,0.006,4.2543,0.0081,0.0007,0.025699999999999612,0.00973498844375277,,
36,,92,56,0.7509999999999999,0.005,4.2724,0.0099,0.0006,0.030100000000000016,0.01206731121667126,,
36,,93,57,0.8109999999999999,0.004,4.2794,0.0107,0.0005,0.025100000000000122,0.01342013412749664,,
36,,94,58,0.9890000000000001,0.004,4.3002,0.0129,0.0005,0.027800000000000047,0.016260996279441185,,
36,,95,59,1.045,0.003,4.3067,0.0136,0.0004,0.027300000000000324,0.017304623659588785,,
36,,96,60,1.217,0.01,4.3267,0.0158,0.0012,0.026499999999999524,0.020397303743387264,,
37,Rb,76,39,0.2241,0.027000000000000003,4.2273,0.006999999999999999,0.0032,,,,
37,,77,40,0.2884,0.0069,4.2356,0.008,0.0008,,,,
37,,78,41,0.3118,0.0023,4.2385,0.0083,0.0004,0.011200000000000543,0.010857716150277644,,
37,,79,42,0.2291,0.0023,4.2284,0.0065,0.0003,-0.007200000000000095,0.01030776406404415,,
37,,80,43,0.2207,0.0068,4.2271,0.0061,0.0008,-0.011400000000000077,0.010300485425454472,,
37,,81,44,0.17300000000000001,0.0022,4.2213,0.0051,0.0003,-0.00709999999999944,0.00826196102629394,0.058400000000000674,0.005515432893255071
37,,82,45,0.1347,0.0065,4.216,0.0042,0.0008,-0.011099999999999888,0.0074060785845142104,,
37,,83,46,0.0522,0.0015,4.2058,0.0028,0.0002,-0.015500000000000291,0.005818075283115543,0.04589999999999961,0.0035
37,,84,47,0.0079,0.0032,4.1999,0.0023,0.0004,-0.01609999999999978,0.004788527957525151,,
37,,85,48,0.0362,0.0022,4.2036,0.0024,0.0003,-0.002200000000000202,0.0036878177829171546,,
37,,86,49,0.0276,0.0031,4.2025,0.0023,0.0004,0.0025999999999992696,0.0032526911934581187,,
37,,87,50,0.0,0.0,4.1989,0.0021,0.0,-0.004699999999999704,0.0031890437438203945,,
37,,88,51,0.139,0.0078,4.217,0.0038,0.001,0.014499999999999957,0.004441846462902562,,
37,,89,52,0.3109,0.0031,4.2391,0.0074,0.0004,0.04019999999999957,0.007692203845452875,,
37,,90,53,0.43700000000000006,0.008,4.2554,0.0102,0.001,0.03840000000000021,0.010884851859350224,,
37,,91,54,0.5685,0.0035,4.2723,0.0131,0.0007,0.033200000000000784,0.015045597362683877,,
37,,92,55,0.7094,0.008,4.2903,0.0163,0.001,0.034900000000000375,0.01922836446502926,,
37,,93,56,0.934,0.0035,4.3048,0.0187,0.001,0.03249999999999975,0.022831995094603538,,
37,,94,57,1.0984,0.0056,4.3184,0.0211,0.0011,0.028099999999999348,0.026662708039507165,,
37,,95,58,1.1856,0.0074,4.3391,0.0248,0.0014,0.0343,0.031060103026229646,,
37,,96,59,1.7719,0.0062,4.3501,0.0267,0.0015,0.03170000000000073,0.03403086834037592,,
37,,97,60,1.8553,0.015,4.4231,0.0395,0.0023,0.08399999999999963,0.04664000428816447,,
37,,98,61,1.8553,0.015,4.4336,0.0414,0.0024,0.08349999999999991,0.049263069331904205,,
38,Sr,77,39,0.253,0.012,4.2569,0.0044,0.0014,,,0.04720000000000013,0.006014149981501958
38,,78,40,0.247,0.008,4.2561,0.004,0.0009,,,0.05410000000000004,0.005381449618829484
38,,79,41,0.266,0.006,4.2586,0.0039,0.0007,0.001700000000000479,0.00587962583843564,0.050400000000000666,0.005375872022286244
38,,80,42,0.248,0.006999999999999999,4.2562,0.0037,0.0008,9.999999999976694e-05,0.0054488530903301115,0.05239999999999956,0.004957822102496216
38,,81,43,0.23600000000000002,0.006,4.2547,0.0034,0.0007,-0.0039000000000006807,0.005173973328110612,0.05129999999999946,0.004669047011971501
38,,82,44,0.182,0.006,4.2478,0.003,0.0007,-0.008399999999999963,0.004763402145525821,0.050799999999999734,0.004172529209005012
38,,83,45,0.165,0.004,4.2455,0.0027,0.0005,-0.009199999999999875,0.004341658669218482,0.05030000000000001,0.003748332962798262
38,,84,46,0.11800000000000001,0.003,4.2394,0.0024,0.0004,-0.008399999999999963,0.003841874542459709,0.04749999999999943,0.003465544690232691
38,,85,47,0.049,0.003,4.2304,0.0021,0.0004,-0.015099999999999447,0.003420526275297414,0.04330000000000034,0.0031144823004794872
38,,86,48,0.051,0.002,4.2307,0.002,0.0002,-0.008700000000000152,0.0031240998703626613,0.042300000000000004,0.0029732137494637013
38,,87,49,0.006999999999999999,0.002,4.2249,0.0019,0.0002,-0.0055000000000005045,0.002831960451701259,0.040300000000000225,0.0029068883707497268
38,,88,50,0.0,0.0,4.224,0.0018,0.0,-0.006699999999999484,0.002690724809414742,0.04049999999999976,0.002765863337187866
38,,89,51,0.126,0.001,4.2407,0.0023,0.0001,0.01580000000000048,0.0029832867780352594,0.042300000000000004,0.00354682957019364
38,,90,52,0.282,0.004,4.2611,0.0037,0.0005,0.03709999999999969,0.0041146081222881966,0.043999999999999595,0.005672741841473134
38,,91,53,0.381,0.003,4.274,0.0046,0.0004,0.03329999999999966,0.005142956348249517,0.045399999999999885,0.00709365914038728
38,,92,54,0.522,0.005,4.2924,0.0064,0.0006,0.031299999999999883,0.007392563831310488,0.05009999999999959,0.009411163583744574
38,,93,55,0.601,0.004,4.3026,0.0075,0.0005,0.02859999999999996,0.008798295289429652,0.04830000000000023,0.011039021695784459
38,,94,56,0.728,0.006,4.3191,0.0091,0.0007,0.026699999999999946,0.011125196627475848,0.04669999999999952,0.013446932735757996
38,,95,57,0.8170000000000001,0.005,4.3305,0.0102,0.0006,0.027899999999999814,0.012660568707605516,0.05109999999999992,0.014782760229402355
38,,96,58,0.986,0.006,4.3522,0.0125,0.0007,0.03310000000000013,0.015461565250646521,0.0519999999999996,0.017962739212046698
38,,97,59,1.067,0.006999999999999999,4.3625,0.0135,0.0009,0.03200000000000003,0.01692010638264429,0.05579999999999963,0.01916272423221709
38,,98,60,1.656,0.006,4.4377,0.0214,0.0008,0.08550000000000058,0.02478326047960599,0.11100000000000065,0.026600751869073173
38,,99,61,1.75,0.008,4.4495,0.0226,0.0011,0.08699999999999974,0.02632508309578528,,
38,,100,62,1.867,0.015,4.4639999999999995,0.024,0.0019,0.026299999999999102,0.03215524840519818,,
39,Y,86,47,0.071,0.003,4.2513,0.0023,0.0008,,,0.051399999999999224,0.0032526911934581187
39,,87,48,0.057999999999999996,0.002,4.2498,0.0022,0.0007,,,0.0461999999999998,0.003255764119219941
39,,88,49,0.009000000000000001,0.001,4.2441,0.0021,0.0001,-0.007199999999999207,0.0031144823004794872,0.04160000000000075,0.0031144823004794872
39,,89,50,0.0,0.0,4.243,0.0021,0.0,-0.006799999999999251,0.00304138126514911,0.04410000000000025,0.0029698484809834993
39,,90,51,0.12300000000000001,0.001,4.2573,0.0026,0.0014,0.013199999999999434,0.0033421549934136807,0.040300000000000225,0.004604345773288535
39,,92,53,0.39299999999999996,0.001,4.2887,0.005,0.0045,0.03140000000000054,0.0056356011214421485,0.03330000000000055,0.011359577456930342
39,,93,54,0.537,0.002,4.3052,0.0065,0.0061,,,0.03289999999999971,0.014623952953972466
39,,94,55,0.614,0.001,4.3142,0.0074,0.006999999999999999,0.02549999999999919,0.008930845424706443,0.023899999999999366,0.017901117283566408
39,,95,56,0.738,0.002,4.3284,0.0087,0.0083,0.02320000000000011,0.010860018416190645,0.023600000000000065,0.020624742422634037
39,,96,57,0.84,0.001,4.3402,0.0099,0.0095,0.02600000000000069,0.012360016181219182,0.021800000000000708,0.023307080469247968
39,,97,58,0.996,0.002,4.3580000000000005,0.0116,0.0112,0.029600000000000293,0.014499999999999999,0.01890000000000036,0.027378823933836165
39,,98,59,1.11,0.001,4.3711,0.0129,0.0124,0.030899999999999928,0.016260996279441185,0.020999999999999908,0.029652993103563764
39,,99,60,1.943,0.001,4.4658,0.0223,0.0213,0.10779999999999923,0.02513662666309861,0.04269999999999996,0.04536011463830311
39,,100,61,1.985,0.001,4.4705,0.0228,0.0218,0.09940000000000015,0.026196373794859472,0.036900000000000155,0.047263093423939154
39,,101,62,2.127,0.001,4.4863,0.0244,0.0232,0.020500000000000185,0.03305525676802405,,
39,,102,63,2.173,0.002,4.4911,0.0249,0.0237,0.02059999999999995,0.03376166465090251,,
40,Zr,87,47,0.059000000000000004,0.005,4.2789,0.003,0.0006,,,0.048499999999999766,0.003661966684720111
40,,88,48,0.061,0.005,4.2787,0.0025,0.0006,,,0.04800000000000004,0.0032015621187164245
40,,89,49,0.006,0.005,4.2706,0.001,0.0006,-0.008300000000000196,0.0031622776601683794,0.045700000000000074,0.0021470910553583887
40,,90,50,0.0,0.0,4.2694,0.001,0.0,-0.009299999999999642,0.002692582403567252,0.045399999999999885,0.0020591260281974002
40,,91,51,0.132,0.003,4.2845,0.0013,0.0011,0.013900000000000468,0.0016401219466856724,0.04380000000000006,0.0026419689627245812
40,,92,52,0.314,0.004,4.3057,0.0013,0.0025,0.03629999999999978,0.0016401219466856724,0.04459999999999997,0.003921734310225516
40,,94,54,0.546,0.003,4.332,0.0013,0.0032,0.02629999999999999,0.0018384776310850235,0.03960000000000008,0.006530696746902279
40,,96,56,0.72,0.006,4.3512,0.0015,0.0034,0.01920000000000055,0.0019849433241279205,0.032100000000000684,0.009222797840135064
40,,97,57,0.835,0.005,4.3792,0.0136,0.0006,,,0.04870000000000019,0.016999999999999998
40,,98,58,1.002,0.005,4.4012,0.0164,0.0006,0.04999999999999982,0.016468454693747074,0.04900000000000038,0.020620620747203517
40,,99,59,1.113,0.004,4.4156,0.0181,0.0006,0.03640000000000043,0.02264000883392054,0.05310000000000059,0.022580079716422615
40,,100,60,1.669,0.004,4.4891,0.0289,0.0006,0.08789999999999942,0.03322905355257655,0.051399999999999224,0.03596067296366963
40,,101,61,1.847,0.005,4.5119,0.0318,0.0007,0.09629999999999939,0.03659029926086968,0.06240000000000023,0.03901281840626232
40,,102,62,1.983,0.005,4.5292,0.034,0.0008,0.04010000000000069,0.044622976144582736,0.06520000000000081,0.041617304093369625
41,Nb,90,49,-0.301,0.004,4.2891,0.004,0.0004,,,0.04499999999999993,0.004517742799230607
41,,91,50,-0.312,0.001,4.2878,0.004,0.0001,,,0.04479999999999951,0.004517742799230607
41,,92,51,-0.185,0.002,4.3026,0.0043,0.0003,0.013499999999999623,0.00587281874401041,0.04530000000000012,0.005024937810560445
41,,93,52,0.0,0.0,4.324,0.0017,0.0,0.03620000000000001,0.004346262762420146,,
41,,99,58,0.716,0.009000000000000001,4.4062,0.0125,0.001,,,0.048199999999999577,0.017053152201279387
41,,101,60,1.419,0.002,4.4861,0.0203,0.0002,0.0799000000000003,0.023839882550046255,0.02030000000000065,0.03015592810709032
41,,103,62,1.63,0.002,4.5097,0.0227,0.0002,0.023599999999999177,0.030452914474644294,0.023399999999999643,0.033326415948913564
42,Mo,90,48,0.113,0.001,4.3265,0.0016,0.0001,,,0.04780000000000051,0.002968164415931166
42,,91,49,0.033,0.002,4.3182,0.0012,0.0001,,,0.04760000000000009,0.0015620499351813306
42,,92,50,0.0,0.0,4.3151,0.0012,0.0,-0.011400000000000077,0.002,0.045700000000000074,0.0015620499351813306
42,,94,52,0.33399999999999996,0.001,4.3529,0.0013,0.0001,0.037799999999999834,0.0017691806012954132,0.04720000000000013,0.0018384776310850235
42,,95,53,0.42100000000000004,0.001,4.3628,0.0018,0.0001,,,,
42,,96,54,0.617,0.001,4.3847,0.0015,0.0001,0.031799999999999606,0.0019849433241279205,0.05269999999999975,0.0019849433241279205
42,,97,55,0.644,0.001,4.388,0.0015,0.0001,0.02519999999999989,0.002343074902771996,,
42,,98,56,0.8340000000000001,0.001,4.4091,0.0018,0.0001,0.024399999999999977,0.002343074902771996,0.057899999999999174,0.002343074902771996
42,,100,58,1.177,0.001,4.4468,0.0025,0.0001,0.03770000000000007,0.0030805843601498725,0.04559999999999942,0.01658945448168806
42,,102,60,1.585,0.003,4.4914,0.0038,0.0001,0.04459999999999997,0.004548626166217664,0.0022999999999999687,0.029148756405719952
42,,103,61,1.798,0.003,4.5145,0.0046,0.0002,,,0.0026000000000001577,0.03213098193333033
42,,104,62,1.893,0.002,4.5249,0.0051,0.0002,0.033500000000000085,0.0063600314464631385,-0.004300000000000637,0.034380372307466364
42,,105,63,2.021,0.003,4.5389,0.0057,0.0003,0.024399999999999977,0.007324616030891995,,
42,,106,64,2.113,0.003,4.5489999999999995,0.0058,0.0003,0.024099999999999788,0.0077233412458598515,,
42,,108,66,2.213,0.003,4.5602,0.0067,0.0003,0.011200000000000543,0.00886171540955813,,
44,Ru,96,52,-1.069,0.003,4.3908,0.0047,0.0003,,,0.0378999999999996,0.004876474136094644
44,,98,54,-0.772,0.005,4.4229,0.0055,0.0005,0.032100000000000684,0.007234638899074369,0.03820000000000068,0.005700877125495689
44,,99,55,-0.68,0.004,4.4338,0.0042,0.0004,,,0.04579999999999984,0.004459820624195552
44,,100,56,-0.506,0.003,4.4531,0.0031,0.0004,0.030199999999999783,0.006313477647065838,0.04400000000000048,0.003584689665786984
44,,101,57,-0.444,0.005,4.4606,0.002,0.0006,0.0268000000000006,0.004651881339845202,,
44,,102,58,-0.263,0.004,4.4809,0.0018,0.0005,0.027800000000000047,0.003584689665786984,0.03410000000000046,0.0030805843601498725
44,,104,60,0.0,0.0,4.5098,0.002,0.0,0.028900000000000148,0.002690724809414742,0.018400000000000638,0.0042941821107167774
45,Rh,103,58,,,4.4945,0.0023,,,,,
46,Pd,102,56,-0.675,0.003,4.4827,0.0044,0.0003,,,0.029600000000000293,0.005382378656319156
46,,104,58,-0.445,0.002,4.5078,0.0027,0.0002,0.025099999999999234,0.005162363799656123,0.02689999999999948,0.0032449961479175905
46,,105,59,-0.377,0.002,4.515,0.003,0.0002,,,,
46,,106,60,-0.22699999999999998,0.001,4.5318,0.0029,0.0001,0.02400000000000002,0.003962322551231789,0.021999999999999353,0.003522782990761707
46,,108,62,0.0,0.0,4.5563,0.0027,0.0,0.024500000000000632,0.003962322551231789,,
46,,110,64,0.205,0.001,4.5782,0.003,0.0001,0.021899999999999586,0.004036087214122113,,
47,Ag,101,54,-0.67,0.003,4.4799,0.0088,0.0003,,,,
47,,103,56,-0.48200000000000004,0.002,4.5036,0.0065,0.0002,0.023699999999999832,0.010940292500660117,,
47,,104,57,-0.41600000000000004,0.002,4.5119,0.0058,0.0002,,,,
47,,105,58,-0.29600000000000004,0.002,4.5269,0.0045,0.0002,0.023300000000000765,0.007905694150420948,0.032399999999999984,0.005053711507397311
47,,107,60,-0.14800000000000002,0.001,4.5454,0.0031,0.0001,0.018499999999999517,0.0054644304369257,,
47,,109,62,0.0,0.0,4.5638,0.0025,0.0,0.01839999999999975,0.003982461550347975,,
48,Cd,102,54,-1.01,0.045,4.481,0.0122,0.005,,,,
48,,103,55,-0.9009999999999999,0.027000000000000003,4.4951,0.0105,0.003,,,,
48,,104,56,-0.765,0.048,4.5122,0.0083,0.0053,0.031200000000000117,0.014755676873664591,0.029499999999999638,0.009394147114027968
48,,105,57,-0.6920000000000001,0.034,4.5216,0.006999999999999999,0.0038,0.026500000000000412,0.012619429464123963,,
48,,106,58,-0.5760000000000001,0.008,4.5383,0.0036,0.0009,0.026099999999999568,0.009047098982546836,0.03049999999999997,0.0045000000000000005
48,,107,59,-0.495,0.03,4.5466,0.0039,0.0033,0.024999999999999467,0.00801311425102625,0.03160000000000007,0.004920365840057017
48,,108,60,-0.41200000000000003,0.011000000000000001,4.5577,0.0031,0.0012,0.019400000000000084,0.004750789408087881,0.025900000000000034,0.004244997055358225
48,,109,61,-0.387,0.039,4.5601,0.0035,0.0043,0.013500000000000512,0.0052402290026295605,,
48,,110,62,-0.252,0.005,4.5765,0.0026,0.0005,0.018800000000000594,0.004045985664828782,0.020199999999999996,0.003748332962798262
48,,111,63,-0.13,0.013000000000000001,4.5845,0.0058,0.0014,0.024399999999999977,0.006774215821775978,,
48,,112,64,-0.10300000000000001,0.003,4.5944,0.0024,0.0003,0.017900000000000027,0.0035383612025908263,0.016200000000000436,0.003841874542459709
48,,113,65,-0.008,0.004,4.6012,0.0028,0.0004,0.01670000000000016,0.006440496875241847,,
48,,114,66,0.0,0.0,4.6087,0.0023,0.0,0.014299999999999535,0.0033241540277189324,,
48,,115,67,0.024,0.046,4.6114,0.0046,0.005,0.01019999999999932,0.005385164807134504,,
48,,116,68,0.08800000000000001,0.003,4.6203,0.0059,0.0003,0.011600000000000499,0.006332456079595025,,
48,,117,69,0.083,0.018000000000000002,4.6136,0.0025,0.002,0.002200000000000202,0.00523545604508337,,
48,,118,70,0.129,0.022000000000000002,4.6246,0.006,0.0024,0.0042999999999997485,0.008414867794564572,,
48,,120,72,0.174,0.043,4.63,0.0069,0.0046,0.005399999999999849,0.009143850392476902,,
49,In,104,55,-0.866,0.015,4.5184,0.0117,0.0017,,,,
49,,105,56,-0.754,0.013999999999999999,4.5311,0.0103,0.0015,,,0.027500000000000746,0.012179490958164056
49,,106,57,-0.698,0.012,4.5375,0.0095,0.0013,0.019099999999999895,0.015071164520368026,0.025599999999999845,0.011130588483993108
49,,107,58,-0.5920000000000001,0.01,4.5494,0.0082,0.0011,0.018299999999999983,0.013165485179058158,0.022499999999999964,0.009353608929178086
49,,108,59,-0.524,0.005,4.5571,0.0071,0.0006,0.019600000000000506,0.01186001686339442,,
49,,109,60,-0.42200000000000004,0.006999999999999999,4.5685,0.0061,0.0008,0.019099999999999895,0.010220078277586723,0.023100000000000342,0.006842514157822401
49,,110,61,-0.371,0.008,4.5742,0.0056,0.0009,0.017100000000000115,0.00904267659490264,,
49,,111,62,-0.27,0.005,4.5856,0.0044,0.0005,0.017100000000000115,0.007521303078589508,0.021800000000000708,0.005060632371551998
49,,112,63,-0.22399999999999998,0.006,4.5907,0.0041,0.0007,0.016499999999999737,0.006940461079784253,,
49,,113,64,-0.1317,0.0003,4.601,0.0031,0.0001,0.015399999999999636,0.005382378656319156,,
49,,114,65,-0.09,0.002,4.6056,0.0029,0.0002,0.014899999999999913,0.005021951811795888,,
49,,115,66,0.0,0.0,4.6156,0.0026,0.0,0.014599999999999724,0.004045985664828782,,
49,,116,67,0.049,0.001,4.6211,0.0027,0.0001,0.015500000000000291,0.003962322551231789,,
49,,117,68,0.122,0.004,4.6292,0.0032,0.0004,0.013600000000000279,0.00412310562561766,,
49,,118,69,0.162,0.002,4.6335,0.0033,0.0002,0.012399999999999523,0.004263801121065568,,
49,,119,70,0.226,0.004,4.6407,0.004,0.0004,0.011499999999999844,0.005122499389946279,,
49,,120,71,0.259,0.002,4.6443,0.0042,0.0002,0.010800000000000587,0.005341348144429456,,
49,,121,72,0.315,0.003,4.6505,0.0047,0.0003,0.009800000000000253,0.006171709649683789,,
49,,122,73,0.342,0.004,4.6534,0.0051,0.0004,0.009100000000000108,0.006606814663663573,,
49,,123,74,0.396,0.003,4.6594,0.0056,0.0003,0.008899999999999686,0.0073109506905736955,,
49,,124,75,0.424,0.004,4.6625,0.006,0.0007,0.00909999999999922,0.007874642849044013,,
49,,125,76,0.465,0.005,4.667,0.0064,0.0005,0.007600000000000051,0.008504116650187719,,
49,,126,77,0.494,0.006999999999999999,4.6702,0.0068,0.0008,0.007700000000000706,0.009068627239003707,,
49,,127,78,0.523,0.006999999999999999,4.6733,0.0071,0.0008,0.006300000000000416,0.009558765610684259,,
50,Sn,108,58,-0.825,0.003,4.5605,0.0029,0.0003,,,0.022200000000000664,0.004622769732530488
50,,109,59,-0.764,0.006,4.5679,0.0027,0.0007,,,0.021300000000000097,0.004743416490252569
50,,110,60,-0.6659999999999999,0.002,4.5785,0.0025,0.0002,0.017999999999999794,0.003828837943815329,0.020800000000000374,0.003982461550347975
50,,111,61,-0.612,0.005,4.5836,0.0024,0.0005,0.015699999999999825,0.0036124783736376886,0.02349999999999941,0.004243819034784589
50,,112,62,-0.52,0.005,4.5948,0.0022,0.0005,0.016300000000000203,0.0033301651610693427,0.018299999999999983,0.0034058772731852802
50,,113,63,-0.45799999999999996,0.001,4.6015,0.0021,0.0001,0.017900000000000027,0.0031890437438203945,0.01699999999999946,0.006168468205316454
50,,114,64,-0.3838,0.0001,4.6099,0.002,0.0001,0.015099999999999447,0.0029732137494637013,0.015499999999999403,0.0031240998703626613
50,,115,65,-0.336,0.0001,4.6148,0.0019,0.0001,0.01330000000000009,0.002831960451701259,0.01359999999999939,0.003383784863137726
50,,116,66,-0.2471,0.0001,4.625,0.0019,0.0001,0.015100000000000335,0.0027586228448267442,0.016300000000000203,0.0029832867780352594
50,,117,67,-0.1971,0.0001,4.6302,0.0019,0.0001,0.015400000000000524,0.002687005768508881,0.018800000000000594,0.004976946855251721
50,,118,68,-0.1174,0.0001,4.6393,0.0019,0.0001,0.014300000000000423,0.002687005768508881,0.019000000000000128,0.0061983868869246945
50,,119,69,-0.0724,0.0001,4.6438,0.002,0.0001,0.01359999999999939,0.0027586228448267442,0.030199999999999783,0.0032015621187164245
50,,120,70,0.0,0.0,4.6519,0.0021,0.0,0.012599999999999945,0.002831960451701259,0.027300000000000324,0.006356886030125127
50,,121,71,0.045,0.001,4.6566,0.0021,0.0001,0.012800000000000367,0.0029,,
50,,122,72,0.1055,0.0001,4.6634,0.0022,0.0001,0.011499999999999844,0.00304138126514911,0.03340000000000032,0.007242237223399963
50,,123,73,0.14,0.001,4.6665,0.0023,0.0001,0.00990000000000002,0.0031144823004794872,,
50,,124,74,0.2008,0.0001,4.6735,0.0023,0.0001,0.010099999999999554,0.0031827660925679096,,
50,,125,75,0.235,0.003,4.6765,0.0026,0.0003,0.009999999999999787,0.003471310991541956,,
50,,126,76,0.29,0.003,4.6833,0.0043,0.0003,0.009800000000000253,0.004876474136094644,,
50,,127,77,0.322,0.003,4.6867,0.0048,0.0003,0.010200000000000209,0.005458937625582472,,
50,,128,78,0.37200000000000005,0.004,4.6921,0.0054,0.0004,0.008799999999999919,0.006902897942168927,,
50,,129,79,0.384,0.003,4.6934,0.0058,0.0003,0.006699999999999484,0.007528612089887484,,
50,,130,80,0.46399999999999997,0.003,4.7019,0.0066,0.0003,0.009800000000000253,0.008527602242131137,,
50,,131,81,0.52,0.004,4.7078,0.0073,0.0004,0.01440000000000019,0.009323625904121207,,
50,,132,82,0.534,0.002,4.7093,0.0076,0.0002,0.007399999999999629,0.010065783625729295,,
51,Sb,121,70,,,4.6802,0.0026,,,,0.03950000000000031,0.004770744176750625
51,,123,72,,,4.6879,0.0025,,0.007699999999999818,0.0036069377593742867,0.03739999999999988,0.0053235326616824655
52,Te,116,64,-0.563,0.027000000000000003,4.6847,0.0128,0.0094,,,0.07480000000000064,0.012955307792561318
52,,118,66,-0.457,0.027000000000000003,4.6956,0.0105,0.0075,0.010899999999999466,0.016555663683464943,0.07059999999999977,0.010670520137275409
52,,120,68,-0.377,0.006,4.7038,0.0088,0.006999999999999999,0.00820000000000043,0.0137,0.06449999999999978,0.009002777349240623
52,,122,70,-0.305,0.01,4.7095,0.0031,0.0053,0.005700000000000038,0.009330058949438638,0.057599999999999874,0.0037443290453698106
52,,123,71,-0.289,0.011000000000000001,4.7117,0.0035,0.0048,,,0.05510000000000037,0.00408166632639171
52,,124,72,-0.22699999999999998,0.009000000000000001,4.7183,0.0029,0.0039,0.008799999999999919,0.004244997055358225,0.05489999999999995,0.003640054944640259
52,,125,73,-0.20800000000000002,0.011000000000000001,4.7204,0.003,0.0033,0.008699999999999264,0.004609772228646444,0.053899999999999615,0.00378021163428716
52,,126,74,-0.153,0.009000000000000001,4.7266,0.0032,0.0025,0.008300000000000196,0.004318564576337836,0.05310000000000059,0.003940812099047606
52,,128,76,-0.077,0.004,4.7346,0.0029,0.0012,0.008000000000000007,0.004318564576337836,0.051300000000000345,0.005186520991955976
52,,130,78,0.0,0.0,4.7423,0.0025,0.0,0.007699999999999818,0.003828837943815329,0.050200000000000244,0.005950630218724736
52,,132,80,0.076,0.016,4.75,0.0031,0.0017,0.007699999999999818,0.003982461550347975,0.04809999999999981,0.007291776189653656
52,,134,82,0.14400000000000002,0.016,4.7569,0.0041,0.0032,0.006899999999999906,0.005140038910358559,0.04760000000000009,0.008635392289873114
52,,136,84,0.389,0.019,4.7815,0.0089,0.0071,0.0246000000000004,0.009798979538707078,,
53,I,127,74,,,4.75,0.0081,,,,,
54,Xe,116,62,-0.599,0.009000000000000001,4.7211,0.0096,0.0009,,,,
54,,118,64,-0.46,0.006999999999999999,4.7387,0.006999999999999999,0.0007,0.017599999999999838,0.011881077392223315,0.05399999999999938,0.014589036979869508
54,,120,66,-0.363,0.006999999999999999,4.7509,0.0063,0.0007,0.012199999999999989,0.009417536832951597,0.055299999999999905,0.012244998979175132
54,,122,68,-0.299,0.006,4.7589999999999995,0.0059,0.0006,0.008099999999999774,0.008631338250816033,0.05519999999999925,0.010594810050208545
54,,124,70,-0.242,0.005,4.7661,0.0055,0.0005,0.007100000000000328,0.008065977932030313,0.05659999999999954,0.006313477647065838
54,,126,72,-0.193,0.006999999999999999,4.7722,0.0052,0.0007,0.006099999999999994,0.007569015788066504,0.053899999999999615,0.005953990258641678
54,,127,73,-0.18100000000000002,0.02,4.7747,0.0038,0.0021,,,0.05430000000000046,0.004841487374764082
54,,128,74,-0.152,0.004,4.7774,0.005,0.0004,0.0052000000000003155,0.007213875518748573,0.050799999999999734,0.005936328831862332
54,,129,75,-0.151,0.001,4.7775,0.005,0.0003,0.0027999999999996916,0.006280127387243033,,
54,,130,76,-0.11699999999999999,0.003,4.7818,0.0049,0.0003,0.004399999999999515,0.007000714249274855,0.04719999999999924,0.005693856338194704
54,,131,77,-0.125,0.001,4.7808,0.0049,0.0002,0.0033000000000003027,0.007000714249274855,,
54,,132,78,-0.0844,0.0017,4.7859,0.0048,0.0002,0.004100000000000215,0.006859300255857006,0.04359999999999964,0.005412023651093923
54,,133,79,-0.106,0.005,4.7831,0.0048,0.0005,0.0022999999999999687,0.006859300255857006,,
54,,134,80,-0.0518,0.0013,4.7899,0.0047,0.0001,0.004000000000000448,0.006717886572427373,0.03990000000000027,0.0056302753041036985
54,,136,82,0.0,0.0,4.7964,0.0047,0.0,0.00649999999999995,0.006646803743153547,0.03950000000000031,0.006236986451805071
54,,137,83,0.105,0.003,4.8094,0.0049,0.0003,,,,
54,,138,84,0.254,0.003,4.8279,0.0079,0.0003,0.03149999999999942,0.009192388155425118,0.04639999999999933,0.011900420160649792
54,,139,85,0.359,0.006,4.8409,0.01,0.0006,0.031500000000000306,0.01113597772986279,,
54,,140,86,0.486,0.002,4.8566,0.0125,0.0002,0.028700000000000614,0.014787156589419077,,
54,,141,87,0.591,0.004,4.8694,0.0147,0.0004,0.028499999999999304,0.017778920102188435,,
54,,142,88,0.71,0.009000000000000001,4.8841,0.0169,0.0009,0.027499999999999858,0.021020466217474814,,
54,,143,89,0.794,0.004,4.8942,0.0187,0.0004,0.024799999999999933,0.023786130412490388,,
54,,144,90,0.9079999999999999,0.005,4.9082,0.0208,0.0005,0.024099999999999788,0.026800186566514794,,
54,,146,92,1.1,0.005,4.9315,0.0245,0.0005,0.023299999999999876,0.032138606068092004,,
55,Cs,118,63,-0.2044,0.0021,4.7832,0.0092,0.0002,,,,
55,,119,64,-0.1411,0.0062,4.7896,0.0089,0.0006,,,,
55,,120,65,-0.1229,0.0015,4.7915,0.0075,0.0002,0.008300000000000196,0.011869709347747316,,
55,,121,66,-0.265,0.0009,4.7769,0.0078,0.0001,-0.012699999999999712,0.01183427226321923,,
55,,122,67,-0.2618,0.0016,4.7773,0.006999999999999999,0.0002,-0.014199999999999768,0.010259142264341594,,
55,,123,68,-0.2156,0.0006,4.782,0.006999999999999999,0.0001,0.00509999999999966,0.010480458005259121,,
55,,124,69,-0.2083,0.0012,4.7828,0.0062,0.0001,0.005499999999999616,0.009350935782048767,,
55,,125,70,-0.1574,0.0006,4.788,0.0062,0.0001,0.006000000000000227,0.009350935782048767,,
55,,126,71,-0.1645,0.0009,4.7872,0.0056,0.0001,0.004400000000000404,0.008354639429682169,,
55,,127,72,-0.1022,0.0007,4.7936,0.0055,0.0001,0.005599999999999383,0.008287943049997387,,
55,,128,73,-0.1173,0.0004,4.7921,0.0052,0.0001,0.004899999999999238,0.00764198926981712,,
55,,129,74,-0.0582,0.0011,4.7981,0.005,0.0001,0.0045000000000001705,0.007433034373659253,0.04809999999999981,0.00951892851112981
55,,130,75,-0.0482,0.001,4.7992,0.0049,0.0001,0.007100000000000328,0.0071449282711585,,
55,,131,76,-0.0146,0.0007,4.8026,0.0047,0.0001,0.0045000000000001705,0.006862215385719105,,
55,,132,77,-0.0383,0.0006,4.8002,0.0046,0.0001,0.001000000000000334,0.006720863039818622,,
55,,133,78,0.0,0.0,4.8041,0.0046,0.0,0.0015000000000000568,0.006576473218982953,,
55,,134,79,-0.01,0.0011,4.8031,0.0046,0.0001,0.0028999999999994586,0.006505382386916237,,
55,,135,80,0.0259,0.0009,4.8067,0.0047,0.0001,0.0026000000000001577,0.006576473218982953,,
55,,136,81,0.0174,0.0015,4.8059,0.0052,0.0002,0.00280000000000058,0.006942621983083912,,
55,,137,82,0.0852,0.0011,4.8128,0.005,0.0001,0.006099999999999994,0.006862215385719105,,
55,,138,83,0.2099,0.0008,4.8255,0.005,0.0001,0.019599999999999618,0.007213875518748573,,
55,,139,84,0.3739,0.0012,4.8422,0.0069,0.0001,0.02939999999999987,0.008521150157109074,,
55,,140,85,0.5051,0.0013,4.8554,0.0088,0.0001,0.029900000000000482,0.010121264743103996,,
55,,141,86,0.6389,0.0015,4.8689,0.0108,0.0002,0.026699999999999946,0.012816005617976297,,
55,,142,87,0.7732,0.0007,4.8825,0.0132,0.0001,0.027099999999999902,0.015864425612041554,,
55,,143,88,0.9127,0.0005,4.8965,0.0151,0.0002,0.027599999999999625,0.018564751546950472,,
55,,144,89,1.003,0.0007,4.9055,0.0161,0.0002,0.022999999999999687,0.020819462048765815,,
55,,145,90,1.1362,0.001,4.9188,0.0191,0.0003,0.02230000000000043,0.02434789518623735,,
55,,146,91,1.2293,0.0021,4.9281,0.0193,0.0003,0.02259999999999973,0.025133642792082488,,
56,Ba,120,64,-0.267,0.01,4.8092,0.0058,0.001,,,0.07050000000000001,0.009090654541890808
56,,121,65,-0.18899999999999997,0.012,4.8176,0.0052,0.0012,,,,
56,,122,66,-0.212,0.002,4.8153,0.0054,0.0002,0.006099999999999994,0.007924645102463579,0.06440000000000001,0.0082975900115636
56,,123,67,-0.228,0.002,4.8135,0.0055,0.0002,-0.004099999999999326,0.007569015788066504,,
56,,124,68,-0.1819,0.0003,4.8185,0.0052,0.0001,0.0032000000000005357,0.007496665925596524,0.059500000000000774,0.007864477096412704
56,,125,69,-0.18899999999999997,0.002,4.8177,0.0052,0.0002,0.0041999999999999815,0.007569015788066504,,
56,,126,70,-0.1479,0.0002,4.8221,0.005,0.0001,0.0035999999999996035,0.007213875518748573,0.05600000000000005,0.007433034373659253
56,,127,71,-0.1641,0.001,4.8204,0.0051,0.0001,0.0026999999999999247,0.007283543093852057,,
56,,128,72,-0.11599999999999999,0.0003,4.8255,0.0048,0.0001,0.0034000000000000696,0.006931089380465382,0.053300000000000125,0.007076722405181653
56,,129,73,-0.1219,0.0004,4.8248,0.0049,0.0001,0.004399999999999515,0.007072481884034769,0.05009999999999959,0.006200806399170998
56,,130,74,-0.0895,0.0002,4.8283,0.0047,0.0001,0.0027999999999996916,0.006717886572427373,0.0508999999999995,0.006862215385719105
56,,131,75,-0.096,0.0003,4.8276,0.0048,0.0001,0.00280000000000058,0.006859300255857006,0.05010000000000048,0.006931089380465382
56,,132,76,-0.07,0.0001,4.8303,0.0047,0.0001,0.002000000000000668,0.006646803743153547,0.048500000000000654,0.006789698078707182
56,,133,77,-0.0873,0.0002,4.8286,0.0047,0.0001,0.0009999999999994458,0.006717886572427373,0.04779999999999962,0.006789698078707182
56,,134,78,-0.0547,0.0001,4.8322,0.0047,0.0001,0.0019000000000000128,0.006646803743153547,0.04630000000000045,0.006717886572427373
56,,135,79,-0.0812,0.0003,4.8294,0.0047,0.0001,0.0007999999999999119,0.006646803743153547,0.046299999999999564,0.006717886572427373
56,,136,80,-0.0422,0.0002,4.8334,0.0046,0.0001,0.0011999999999998678,0.006576473218982953,0.04349999999999987,0.006576473218982953
56,,137,81,-0.0609,0.0002,4.8314,0.0047,0.0001,0.002000000000000668,0.006646803743153547,,
56,,138,82,0.0,0.0,4.8378,0.0046,0.0,0.004399999999999515,0.006505382386916237,0.04139999999999944,0.006576473218982953
56,,139,83,0.129,0.001,4.8513,0.0049,0.0001,0.019899999999999807,0.006789698078707182,0.04190000000000005,0.006929646455628166
56,,140,84,0.292,0.001,4.8684,0.0059,0.0001,0.030600000000000627,0.0074813100457072354,0.04050000000000065,0.009860020283954796
56,,141,85,0.41,0.001,4.8807,0.0069,0.0001,0.02939999999999987,0.008462860036654274,0.03979999999999961,0.012149485585818028
56,,142,86,0.55,0.001,4.8953,0.0083,0.0001,0.02689999999999948,0.010183319694480773,0.03869999999999951,0.015004665940966498
56,,143,87,0.679,0.002,4.9087,0.0096,0.0002,0.02799999999999958,0.011822436297142818,0.03929999999999989,0.017557049866079436
56,,144,88,0.823,0.003,4.9236,0.0112,0.0003,0.028300000000000658,0.013940229553346672,0.03950000000000031,0.020274368054269902
56,,145,89,0.9279999999999999,0.002,4.9345,0.0123,0.0002,0.025800000000000267,0.015602884348735012,0.040300000000000225,0.022382582514088943
56,,146,90,1.058,0.003,4.9479,0.0138,0.0003,0.024299999999999322,0.017773013250431114,0.039699999999999847,0.024961570463414358
56,,148,92,1.304,0.006,4.9731,0.0167,0.0006,0.02519999999999989,0.0216640254800441,0.04159999999999986,0.02965029510814353
57,La,135,78,-0.061,0.006,4.8488,0.006,0.0006,,,0.04469999999999974,0.00756042326857432
57,,137,80,-0.048,0.001,4.8496,0.0053,0.0001,0.0007999999999999119,0.008005623023850173,0.042899999999999494,0.007083784299369934
57,,138,81,-0.067,0.001,4.8473,0.0051,0.0001,,,0.04139999999999944,0.007283543093852057
57,,139,82,0.0,0.0,4.855,0.0049,0.0,0.0054000000000007375,0.007218032973047435,0.04220000000000024,0.007000714249274855
58,Ce,136,78,-0.031,0.002,4.8739,0.0018,0.0002,,,0.041699999999999626,0.005032891812864647
58,,138,80,-0.033,0.002,4.8737,0.0018,0.0002,-0.00019999999999953388,0.002545584412271571,0.040300000000000225,0.0049396356140913875
58,,140,82,0.0,0.0,4.8771,0.0018,0.0,0.0034000000000000696,0.002545584412271571,0.03930000000000078,0.0049396356140913875
58,,142,84,0.281,0.002,4.9063,0.002,0.0002,0.02919999999999945,0.002690724809414742,0.0378999999999996,0.0062297672508690085
58,,144,86,0.513,0.002,4.9303,0.0024,0.0002,0.02400000000000002,0.0031240998703626613,0.03500000000000014,0.008640023148117138
58,,146,88,0.7929999999999999,0.002,4.959,0.0028,0.0002,0.028699999999999726,0.0036878177829171546,0.03539999999999921,0.01154469575172945
58,,148,90,1.089,0.002,4.9893,0.0035,0.0002,0.030300000000000438,0.004482186966202994,0.041400000000000325,0.014236923825040295
59,Pr,141,82,,,4.8919,0.005,,,,0.03689999999999927,0.007000714249274855
60,Nd,132,72,0.05,0.03,4.9174,0.0026,0.0031,,,,
60,,134,74,0.005,0.021,4.9128,0.0026,0.0021,-0.0045999999999999375,0.003676955262170047,,
60,,135,75,-0.037000000000000005,0.033,4.9086,0.0026,0.0034,,,,
60,,136,76,-0.012,0.027000000000000003,4.9111,0.0026,0.0027,-0.0016999999999995907,0.003676955262170047,,
60,,137,77,-0.043,0.016,4.908,0.0026,0.0016,-0.0005999999999994898,0.003676955262170047,,
60,,138,78,-0.006,0.021,4.9123,0.0026,0.0021,0.0011999999999998678,0.003676955262170047,0.03840000000000021,0.0031622776601683794
60,,139,79,-0.047,0.013999999999999999,4.9076,0.0025,0.0014,-0.00039999999999995595,0.0036069377593742867,,
60,,140,80,-0.022000000000000002,0.027000000000000003,4.9101,0.0026,0.0027,-0.002200000000000202,0.003676955262170047,0.036399999999999544,0.0031622776601683794
60,,141,81,-0.066,0.013999999999999999,4.9057,0.0026,0.0014,-0.0019000000000000128,0.0036069377593742867,,
60,,142,82,0.0,0.0,4.9123,0.0025,0.0,0.002200000000000202,0.0036069377593742867,0.035199999999999676,0.0030805843601498725
60,,143,83,0.13,0.005,4.9254,0.0026,0.0005,0.019699999999999385,0.003676955262170047,,
60,,144,84,0.29600000000000004,0.003,4.9421,0.0027,0.0003,0.029799999999999827,0.0036796738985948197,0.035800000000000054,0.0033600595232822885
60,,145,85,0.41,0.005,4.9535,0.0028,0.0005,0.028100000000000236,0.00382099463490856,,
60,,146,86,0.5710000000000001,0.004,4.9696,0.003,0.0004,0.027499999999999858,0.004036087214122113,0.03929999999999989,0.003841874542459709
60,,148,88,0.8759999999999999,0.004,4.9999,0.0036,0.0004,0.030300000000000438,0.004686149805543992,0.0409000000000006,0.004560701700396552
60,,150,90,1.2819999999999998,0.005,5.04,0.0044,0.0005,0.0400999999999998,0.005685068161420758,0.05069999999999997,0.00562227711874824
62,Sm,138,76,0.067,0.015,4.9599,0.0034,0.0015,,,0.048799999999999955,0.004280186911806539
62,,139,77,0.027000000000000003,0.013999999999999999,4.9556,0.0034,0.0014,,,0.0475999999999992,0.004280186911806539
62,,140,78,0.037000000000000005,0.015,4.9565,0.0034,0.0015,-0.0034000000000000696,0.004808326112068523,0.04420000000000002,0.004280186911806539
62,,141,79,0.03,0.023,4.9517,0.0034,0.0023,-0.0038999999999997925,0.004808326112068523,0.04409999999999936,0.0042201895692018385
62,,142,80,-0.006999999999999999,0.013000000000000001,4.9518,0.0034,0.0013,-0.004699999999999704,0.004808326112068523,0.041700000000000514,0.004280186911806539
62,,143,81,-0.043,0.015,4.9479,0.0034,0.0015,-0.0038000000000000256,0.004808326112068523,0.04219999999999935,0.004280186911806539
62,,144,82,0.0,0.0,4.9524,0.0034,0.0,0.0005999999999994898,0.004808326112068523,0.0400999999999998,0.0042201895692018385
62,,145,83,0.1167,0.0016,4.9651,0.0034,0.0005,0.017199999999999882,0.004808326112068523,0.039699999999999847,0.004280186911806539
62,,146,84,0.2732,0.0008,4.9808,0.0035,0.001,0.028400000000000425,0.0048795491595023405,0.0387000000000004,0.004420407221060069
62,,147,85,0.3669,0.0004,4.9892,0.0035,0.0016,0.024100000000000676,0.0048795491595023405,0.03570000000000029,0.004482186966202994
62,,148,86,0.5199,0.0004,5.0042,0.0034,0.0021,0.023399999999999643,0.0048795491595023405,0.034600000000000186,0.004534313619501853
62,,149,87,0.6125,0.0004,5.0134,0.0035,0.0024,0.024199999999999555,0.004949747468305833,,
62,,150,88,0.8240000000000001,0.0004,5.0387,0.0048,0.0031,0.03450000000000042,0.005882176467941097,0.03880000000000017,0.005999999999999999
62,,151,89,0.98,0.0008,5.055,0.0057,0.0038,0.04159999999999986,0.006688796603276257,,
62,,152,90,1.2493,0.0003,5.0819,0.006,0.0038,0.04319999999999968,0.007683749084919418,0.04190000000000005,0.00744043009509531
62,,153,91,1.349,0.0005,5.0925,0.0068,0.0002,0.03750000000000053,0.00887299273075325,,
62,,154,92,1.4806,0.0004,5.1053,0.0067,0.004,0.023399999999999643,0.00899388681271896,,
63,Eu,137,74,0.099,0.043,4.9762,0.0095,0.0046,,,,
63,,138,75,0.115,0.042,4.9779,0.0094,0.0045,,,,
63,,139,76,0.081,0.046,4.976,0.0093,0.0048,-0.00020000000000042206,0.013294359706281457,,
63,,140,77,0.0295,0.0021,4.9695,0.0091,0.0017,-0.008399999999999963,0.0130831953283592,,
63,,141,78,0.0323,0.0011,4.9697,0.0091,0.0013,-0.006300000000000416,0.013011533345459327,,
63,,142,79,-0.055999999999999994,0.003,4.9607,0.0091,0.001,-0.008799999999999919,0.012869343417595165,,
63,,143,80,-0.027000000000000003,0.001,4.9636,0.0091,0.0007,-0.006099999999999994,0.012869343417595165,,
63,,144,81,-0.051,0.002,4.9612,0.0091,0.0004,0.0004999999999997229,0.012869343417595165,,
63,,145,82,0.0,0.0,4.9663,0.0091,0.0,0.002700000000000813,0.012869343417595165,,
63,,146,83,0.1248,0.0019,4.9789,0.0092,0.0004,0.017700000000000493,0.012940247292845682,,
63,,147,84,0.2718,0.001,4.9938,0.0094,0.0006,0.027499999999999858,0.0130831953283592,,
63,,148,85,0.3787,0.0017,5.0045,0.0097,0.001,0.025599999999999845,0.013368993978605869,,
63,,149,86,0.5338,0.001,5.0202,0.0103,0.0013,0.026399999999999757,0.013944532978913278,,
63,,150,87,0.6278,0.0013,5.0296,0.0108,0.0016,0.025100000000000122,0.014516542288024377,,
63,,151,88,0.8538,0.0011,5.0522,0.0046,0.0018,0.03200000000000003,0.011280514172678478,,
63,,152,89,1.3989,0.0034,5.1064,0.0066,0.0021,0.07679999999999954,0.012657013865837391,,
63,,153,90,1.4554,0.0017,5.1115,0.0062,0.0024,0.05930000000000035,0.007720103626247513,,
63,,154,91,1.588,0.006,5.1239,0.0079,0.0006,0.01750000000000007,0.01029417310909429,,
63,,155,92,1.567,0.008,5.1221,0.0069,0.0008,0.010599999999999277,0.00927631392310545,,
63,,156,93,1.6119999999999999,0.008,5.1264,0.0071,0.0009,0.002500000000000391,0.010621675950620977,,
63,,157,94,1.702,0.006999999999999999,5.1351,0.0075,0.001,0.013000000000000789,0.010191172650877817,,
63,,158,95,1.765,0.008,5.1413,0.0078,0.0011,0.014899999999999913,0.010547511554864494,,
63,,159,96,1.8519999999999999,0.008,5.1498,0.0084,0.0012,0.014699999999999491,0.011260994627474076,,
64,Gd,145,81,-1.915,0.028999999999999998,4.9786,0.0077,0.0029,,,0.030700000000000394,0.008417244204607587
64,,146,82,-1.9140000000000001,0.015,4.9801,0.013999999999999999,0.0015,,,0.02770000000000028,0.014406942770761601
64,,148,84,-1.617,0.015,5.008,0.0171,0.0015,0.027899999999999814,0.0221,0.02719999999999967,0.017454512310574592
64,,150,86,-1.358,0.015,5.0342,0.0159,0.0015,0.026200000000000223,0.023349946466748057,0.03000000000000025,0.01625945878558078
64,,152,88,-1.01,0.001,5.0774,0.0048,0.0001,0.04319999999999968,0.01660873264279969,0.03869999999999951,0.006788225099390856
64,,154,90,-0.5338,0.0003,5.1223,0.004,0.0001,0.04490000000000016,0.0062481997407253225,0.04039999999999999,0.007211102550927979
64,,155,91,-0.4309,0.0002,5.1319,0.0041,0.0001,,,0.03939999999999966,0.007940403012442128
64,,156,92,-0.3229,0.0002,5.142,0.0042,0.0001,0.019700000000000273,0.0058,0.03670000000000062,0.007907591289387686
64,,157,93,-0.2918,0.0001,5.1449,0.0042,0.0001,0.0129999999999999,0.005869412236331676,,
64,,158,94,-0.1643,0.0001,5.1569,0.0043,0.0001,0.014899999999999913,0.006010823570859487,,
64,,160,96,0.0,0.0,5.1734,0.0044,0.0,0.016499999999999737,0.00615223536610881,,
65,Tb,147,82,-1.393,0.012,4.9201,0.1508,0.0032,,,-0.046200000000000685,0.15107431945900002
65,,148,83,-1.304,0.011000000000000001,4.9291,0.1507,0.003,,,-0.04980000000000029,0.1509805616627518
65,,149,84,-1.175,0.009000000000000001,4.9427,0.1506,0.0027,0.02260000000000062,0.21312203077110542,-0.05109999999999992,0.15089307472511787
65,,150,85,-1.1,0.009000000000000001,4.9499,0.1505,0.0025,0.020800000000000374,0.21298060944602445,-0.05459999999999976,0.15081226740553966
65,,151,86,-0.9690000000000001,0.008,4.963,0.1504,0.0022,0.020299999999999763,0.2128391881209849,-0.05719999999999992,0.15075228024809442
65,,152,87,-0.909,0.008,4.9689,0.1504,0.0021,0.01899999999999924,0.21276844220889524,-0.06070000000000064,0.1507872673669763
65,,153,88,-0.655,0.008,4.995,0.1502,0.0016,0.03200000000000003,0.21255634547103036,-0.05719999999999992,0.1502704229048418
65,,154,89,-0.272,0.018000000000000002,5.0333,0.1501,0.0019,0.06440000000000001,0.2124856936360658,-0.07310000000000016,0.15024503319577656
65,,155,90,-0.215,0.009000000000000001,5.0391,0.15,0.001,0.04410000000000025,0.21227350282124238,-0.07240000000000002,0.15012807865286226
65,,157,92,-0.11599999999999999,0.008,5.0489,0.15,0.0009,0.009799999999999365,0.21213203435596426,-0.07319999999999993,0.15015861613640424
65,,159,94,0.0,0.0,5.06,0.15,0.0,0.011099999999999888,0.21213203435596426,-0.07510000000000083,0.1501873829587559
66,Dy,146,80,-0.018000000000000002,0.002,5.0438,0.2389,0.0002,,,,
66,,148,82,0.0,0.0,5.0455,0.2389,0.0,0.0016999999999995907,0.3378556200509324,0.06539999999999946,0.23930986189457384
66,,149,83,0.11900000000000001,0.013000000000000001,5.0567,0.2394,0.0012,,,,
66,,150,84,0.268,0.026000000000000002,5.0706,0.2413,0.0026,0.025100000000000122,0.3395569171729535,0.06259999999999977,0.2419051467001064
66,,151,85,0.37,0.037000000000000005,5.0801,0.2435,0.0036,0.023399999999999643,0.34147417179048845,,
66,,152,86,0.53,0.053,5.095,0.2482,0.0051,0.024399999999999977,0.34616315517397284,0.06079999999999952,0.24870876542655268
66,,153,87,0.621,0.062,5.1035,0.2516,0.006,0.02340000000000053,0.35013541666046866,,
66,,154,88,0.8440000000000001,0.084,5.1241,0.2618,0.0082,0.02910000000000057,0.36075265764786824,0.04670000000000041,0.2618439993583966
66,,155,89,1.077,0.10800000000000001,5.1457,0.2751,0.0103,0.04219999999999935,0.3728036614627061,,
66,,156,90,1.2570000000000001,0.126,5.1622,0.2869,0.0123,0.03810000000000002,0.3883952239665158,0.03990000000000027,0.2869278829253093
66,,157,91,1.3519999999999999,0.135,5.1709,0.2936,0.0133,0.02519999999999989,0.40234434257237917,0.0389999999999997,0.29362862598867984
66,,158,92,1.4680000000000002,0.147,5.1815,0.3023,0.0144,0.01929999999999943,0.4167696006188551,0.039499999999999424,0.302329174907087
66,,159,93,1.4780000000000002,0.14800000000000002,5.1825,0.3031,0.0144,0.011600000000000499,0.4219840873777114,0.0376000000000003,0.30312909791044473
66,,160,94,1.6159999999999999,0.162,5.1951,0.3139,0.0155,0.013600000000000279,0.4357963974151232,0.03819999999999979,0.31392945067323647
66,,161,95,1.6469999999999998,0.165,5.1962,0.0459,0.0159,0.013700000000000045,0.3065557371833057,,
66,,162,96,1.7530000000000001,0.175,5.2074,0.0172,0.0169,0.012299999999999756,0.3143708796946689,0.03399999999999981,0.01775387281693772
66,,163,97,1.806,0.18100000000000002,5.2099,0.012,0.0169,0.013700000000000045,0.047442702283912966,,
66,,164,98,1.901,0.19,5.2218,0.0106,0.0179,0.01440000000000019,0.020203960007879645,,
67,Ho,151,84,-1.709,0.008,5.0398,0.0354,0.0008,,,0.0970999999999993,0.15470462177969993
67,,152,85,-1.486,0.006,5.0614,0.0343,0.0006,,,0.11149999999999949,0.1543591267142957
67,,153,86,-1.324,0.005,5.0760000000000005,0.0339,0.0005,0.0362000000000009,0.04901397759823212,0.11300000000000043,0.15417318184431428
67,,154,87,-1.234,0.003,5.0856,0.0333,0.0003,0.024200000000000443,0.04780564820186,0.11670000000000069,0.1540423643028112
67,,155,88,-1.003,0.003,5.1076,0.0326,0.0003,0.031599999999999184,0.047031585131696335,0.11259999999999959,0.15369710472224257
67,,156,89,-0.8809999999999999,0.003,5.1156,0.0326,0.0003,0.02999999999999936,0.046600965655230794,0.08230000000000004,0.15359938150917146
67,,157,90,-0.518,0.002,5.1535,0.0316,0.0002,0.045900000000000496,0.04540176208034222,0.11439999999999984,0.15329240033348032
67,,158,91,-0.48,0.004,5.1571,0.0316,0.0004,0.04150000000000009,0.04540176208034222,,
67,,159,92,-0.37,0.002,5.1675,0.0314,0.0002,0.014000000000000234,0.044547951692530154,0.1186000000000007,0.15325129689500183
67,,160,93,-0.384,0.003,5.1662,0.0315,0.0003,0.009100000000000108,0.04461849392348424,,
67,,161,94,-0.253,0.002,5.1785,0.0313,0.0002,0.010999999999999233,0.04433565156846125,0.11850000000000005,0.15323083893263784
67,,162,95,-0.21899999999999997,0.008,5.1817,0.0313,0.0008,0.015500000000000291,0.0444065310511866,,
67,,163,96,-0.12300000000000001,0.006,5.1907,0.0313,0.0006,0.012199999999999989,0.044264884502277876,,
67,,165,98,0.0,0.0,5.2022,0.0312,0.0,0.011500000000000732,0.04419423039266551,,
68,Er,150,82,-2.114,0.013000000000000001,5.0548,0.0254,0.003,,,0.00930000000000053,0.24024647760164974
68,,152,84,-1.8459999999999999,0.013000000000000001,5.0843,0.0257,0.0027,0.029499999999999638,0.03613377921004112,0.013700000000000045,0.24266474816091438
68,,154,86,-1.584,0.002,5.1129,0.0268,0.0021,0.02859999999999996,0.03713125368203988,0.017900000000000027,0.24964270468010877
68,,156,88,-1.307,0.001,5.1429,0.0285,0.0018,0.03000000000000025,0.03912147747721193,0.018799999999999706,0.26334671063068166
68,,158,90,-1.001,0.001,5.1761,0.0312,0.0015,0.033199999999999896,0.042257425383002215,0.01389999999999958,0.2885914932911225
68,,160,92,-0.738,0.001,5.2045,0.0336,0.0012,0.028400000000000425,0.04585193561890272,0.023000000000000576,0.30416155246842097
68,,162,94,-0.551,0.001,5.2246,0.004,0.001,0.02009999999999934,0.03383725757209056,0.029499999999999638,0.3139254847889862
68,,164,96,-0.392,0.001,5.2389,0.0035,0.0007,0.014300000000000423,0.005315072906367325,0.031500000000000306,0.017552492700468502
68,,166,98,-0.263,0.001,5.2516,0.0031,0.0005,0.012699999999999712,0.004675467891024384,0.029799999999999827,0.011044002897500526
68,,167,99,-0.218,0.001,5.256,0.0031,0.0004,,,,
68,,168,100,-0.132,0.001,5.2644,0.0035,0.0002,0.012800000000000367,0.004675467891024384,,
68,,170,102,0.0,0.0,5.2789,0.0041,0.0,0.014499999999999957,0.005390732788777422,,
69,Tm,153,84,-1.7080000000000002,0.033,5.0643,0.019,0.003,,,0.024500000000000632,0.04017661011085928
69,,154,85,-1.609,0.015,5.0755,0.0166,0.0019,,,0.014100000000000001,0.03810577384071868
69,,156,87,-1.359,0.009000000000000001,5.0976,0.0135,0.0006,0.02210000000000001,0.021396495040076072,0.011999999999999567,0.03593243659981883
69,,157,88,-1.157,0.005,5.114,0.0074,0.0008,,,0.006400000000000183,0.033429328440756925
69,,158,89,-1.058,0.006,5.1235,0.0069,0.0007,0.025900000000000034,0.015161134522191932,0.00790000000000024,0.03332221481234403
69,,159,90,-0.898,0.003,5.1392,0.006,0.0004,0.02519999999999989,0.009526804291051643,-0.014300000000000423,0.032164576788759405
69,,160,91,-0.7829999999999999,0.003,5.1504,0.0055,0.0004,0.026900000000000368,0.008823831367382311,-0.006699999999999484,0.03207506819945984
69,,161,92,-0.667,0.002,5.1616,0.005,0.0003,0.022400000000000198,0.0078102496759066544,-0.00590000000000046,0.031795597179483825
69,,162,93,-0.5670000000000001,0.003,5.1713,0.0048,0.0005,0.020899999999999253,0.007299999999999999,0.00509999999999966,0.031863615614051086
69,,163,94,-0.42700000000000005,0.002,5.1849,0.0042,0.0002,0.023299999999999876,0.006529931086925803,0.006400000000000183,0.03158053197778657
69,,164,95,-0.368,0.003,5.1906,0.0042,0.0006,0.019300000000000317,0.006378087487640789,0.008899999999999686,0.03158053197778657
69,,165,96,-0.265,0.002,5.2004,0.0038,0.0002,0.015500000000000291,0.005663920903402518,0.009700000000000486,0.031529827148273425
69,,166,97,-0.221,0.003,5.2046,0.0038,0.0003,0.014000000000000234,0.005663920903402518,,
69,,167,98,-0.134,0.002,5.2129,0.0036,0.0003,0.012500000000000178,0.00523450093132096,0.010699999999999932,0.03140700558792576
69,,168,99,-0.092,0.004,5.2170000000000005,0.0036,0.0004,0.01240000000000041,0.00523450093132096,,
69,,169,100,0.0,0.0,5.2256,0.0035,0.0,0.012699999999999712,0.005020956084253277,,
69,,170,101,0.048,0.001,5.2303,0.0036,0.0005,0.013299999999999201,0.005091168824543142,,
69,,171,102,0.139,0.005,5.2388,0.0037,0.0006,0.013200000000000323,0.0050931326312987375,,
69,,172,103,0.16399999999999998,0.022000000000000002,5.2411,0.0052,0.003,0.010800000000000587,0.006324555320336759,,
70,Yb,152,82,-2.7460000000000004,0.004,5.0423,0.0146,0.0028,,,-0.012500000000000178,0.029297098832478278
70,,154,84,-2.335,0.005,5.0875,0.0105,0.0026,0.04520000000000035,0.0179836036433191,0.0032000000000005357,0.027762204523416364
70,,155,85,-2.181,0.006999999999999999,5.104,0.011000000000000001,0.001,,,,
70,,156,86,-2.015,0.002,5.1219,0.0103,0.0023,0.034399999999999764,0.014708500943332058,0.009000000000000341,0.02871114766079545
70,,157,87,-1.9080000000000001,0.009000000000000001,5.1324,0.01,0.0035,0.028399999999999537,0.014866068747318507,,
70,,158,88,-1.7369999999999999,0.001,5.1498,0.0088,0.0006,0.027899999999999814,0.013547324459095235,0.006899999999999906,0.029827671716042472
70,,159,89,-1.618,0.009000000000000001,5.1629,0.0084,0.0022,0.03049999999999997,0.013059862173851605,,
70,,160,90,-1.462,0.001,5.1781,0.0076,0.0004,0.02829999999999977,0.011627553482998907,0.0019999999999997797,0.03211230293828208
70,,161,91,-1.3530000000000002,0.001,5.1889,0.0072,0.0003,0.02600000000000069,0.011063453348751464,,
70,,162,92,-1.1909999999999998,0.001,5.2054,0.0067,0.0003,0.027300000000000324,0.010131633629380802,0.0008999999999996788,0.034261494421580614
70,,163,93,-1.089,0.001,5.2157,0.0064,0.0002,0.026799999999999713,0.009633275663033836,,
70,,164,94,-0.9420000000000001,0.001,5.2307,0.006,0.0003,0.025299999999999656,0.00899388681271896,0.006099999999999994,0.007211102550927979
70,,165,95,-0.8473,0.0003,5.2399,0.0058,0.0002,0.024199999999999555,0.008637129152675673,,
70,,166,96,-0.722,0.0004,5.2525,0.0057,0.0001,0.021800000000000708,0.008275868534480233,0.013600000000000279,0.006688796603276257
70,,167,97,-0.6252,0.0003,5.2621,0.0056,0.0001,0.022200000000000664,0.00806225774829855,,
70,,168,98,-0.5406,0.0003,5.2702,0.0056,0.0001,0.017699999999999605,0.007990619500389191,0.018600000000000172,0.006400781202322104
70,,169,99,-0.4692,0.0003,5.2771,0.0056,0.0007,0.01499999999999968,0.007919595949289333,0.021099999999999675,0.006400781202322104
70,,170,100,-0.3845,0.0001,5.2853,0.0056,0.0001,0.015100000000000335,0.007919595949289333,0.02090000000000014,0.006603786792439622
70,,171,101,-0.3273,0.0001,5.2906,0.0057,0.0001,0.013500000000000512,0.007990619500389191,,
70,,172,102,-0.2366,0.0001,5.2995,0.0058,0.0002,0.014199999999999768,0.00806225774829855,0.02059999999999995,0.007102816342831905
70,,173,103,-0.18100000000000002,0.0001,5.3046,0.0059,0.0002,0.013999999999999346,0.008203657720797473,,
70,,174,104,-0.1159,0.0001,5.3108,0.006,0.0003,0.01130000000000031,0.008345058418010025,,
70,,175,105,-0.0827,0.0074,5.3135,0.0061,0.0002,0.008900000000000574,0.00848645980371085,,
70,,176,106,0.0,0.0,5.3215,0.0062,0.0,0.010699999999999932,0.008627861844049196,,
71,Lu,161,90,-1.5083,0.0013,5.2293,0.032,0.0003,,,0.09010000000000051,0.032557641192199414
71,,162,91,-1.3966,0.0012,5.2398,0.0317,0.0003,,,0.08939999999999948,0.032173591655269076
71,,163,92,-1.2174,0.0012,5.2567,0.0312,0.0003,0.02740000000000009,0.044692728715082945,0.0951000000000004,0.03159810120877519
71,,164,93,-1.1006,0.0012,5.2677,0.031,0.0002,0.027899999999999814,0.04433835811123366,0.09640000000000004,0.031369411852949995
71,,165,94,-0.9372,0.0007,5.2829999999999995,0.0307,0.0002,0.026299999999999102,0.043771337653766076,0.09809999999999963,0.030985964564621837
71,,166,95,-0.7851,0.0008,5.2972,0.0305,0.0001,0.029500000000000526,0.04348850422812907,0.10660000000000025,0.03078782226790326
71,,167,96,-0.6397,0.0007,5.3108,0.0303,0.0001,0.027800000000000935,0.04313444099556641,0.11040000000000028,0.030537354174846255
71,,168,97,-0.5124,0.001,5.3227,0.0302,0.0001,0.025500000000000078,0.0429219058290752,0.1181000000000001,0.030438133976970403
71,,169,98,-0.4443,0.0006,5.329,0.0302,0.0001,0.018199999999999328,0.04278001870032317,0.11609999999999943,0.0304138126514911
71,,170,99,-0.3644,0.0006,5.3364,0.0302,0.0001,0.013700000000000045,0.04270924958366747,0.11939999999999973,0.0304138126514911
71,,171,100,-0.2863,0.0007,5.3436,0.0302,0.0001,0.014600000000000612,0.04270924958366747,0.11800000000000033,0.030402138082707277
71,,172,101,-0.2323,0.0007,5.3486,0.0302,0.0001,0.012199999999999989,0.04270924958366747,0.11830000000000052,0.0304138126514911
71,,173,102,-0.134,0.001,5.3577,0.0303,0.0001,0.014100000000000001,0.04278001870032317,0.1189,0.03052507166248754
71,,174,103,-0.0718,0.0006,5.3634,0.0303,0.0001,0.014800000000000146,0.04278001870032317,0.12230000000000008,0.030742966675322666
71,,175,104,0.0,0.0,5.37,0.0304,0.0,0.012299999999999756,0.04292143986401202,,
71,,176,105,0.0425,0.001,5.3739,0.0304,0.0002,0.01049999999999951,0.04292143986401202,,
71,,177,106,0.1248,0.0009,5.3815,0.0305,0.0002,0.011499999999999844,0.04306286102896555,,
71,,178,107,0.1714,0.001,5.3857,0.0306,0.0002,0.011800000000000033,0.04313374549004526,,
71,,179,108,0.2357,0.001,5.3917,0.0307,0.0002,0.010200000000000209,0.0432751660886472,,
72,Hf,170,98,-0.494,0.009000000000000001,5.2898,0.0055,0.0009,,,0.019599999999999618,0.007849203781276163
72,,171,99,-0.366,0.005,5.3041,0.0049,0.0008,,,0.027000000000000135,0.007441102068914254
72,,172,100,-0.322,0.006,5.3065,0.0043,0.0007,0.01670000000000016,0.006981403870282824,0.02119999999999944,0.007060453243241541
72,,173,101,-0.244,0.004,5.314,0.0038,0.0005,0.00990000000000002,0.006200806399170998,0.023399999999999643,0.00685054742338158
72,,174,102,-0.18,0.003,5.3201,0.0035,0.0004,0.013600000000000279,0.005544366510251645,0.02059999999999995,0.006774215821775978
72,,175,103,-0.091,0.002,5.3191,0.0036,0.001,0.00509999999999966,0.00523450093132096,0.014499999999999957,0.006911584478250989
72,,176,104,-0.091,0.001,5.3286,0.0032,0.0002,0.00849999999999973,0.004742362280551751,0.017799999999999372,0.0068000000000000005
72,,177,105,-0.065,0.001,5.3309,0.0031,0.0001,0.011800000000000033,0.004750789408087881,0.017399999999999416,0.006842514157822401
72,,178,106,0.0,0.0,5.3371,0.0031,0.0,0.008500000000000618,0.004455333881989093,0.015600000000000058,0.006931810730249348
72,,179,107,0.039,0.002,5.3408,0.0031,0.0001,0.00990000000000002,0.0043840620433565946,,
72,,180,108,0.04,0.005,5.347,0.0032,0.0002,0.00990000000000002,0.004455333881989093,,
72,,182,110,0.17600000000000002,0.005,5.3516,0.0036,0.0005,0.0045999999999999375,0.004816637831516918,,
73,Ta,181,108,,,5.3507,0.0034,,,,-0.04100000000000037,0.030887699817241168
74,W,180,106,-0.16899999999999998,0.006,5.3491,0.0022,0.0017,,,0.011999999999999567,0.0038013155617496425
74,,182,108,-0.099,0.005,5.3559,0.0017,0.001,0.006800000000000139,0.0027802877548915687,0.008899999999999686,0.0036235341863986876
74,,183,109,-0.047,0.006,5.3611,0.002,0.0007,,,,
74,,184,110,0.0,0.0,5.3658,0.0023,0.0,0.00990000000000002,0.002860069929215018,0.014199999999999768,0.004272001872658766
74,,186,112,0.086,0.004,5.3743,0.0026,0.0009,0.00849999999999973,0.003471310991541956,,
75,Re,185,110,0.0,0.0,5.3596,0.0172,0.0,,,,
75,,187,112,0.11,0.01,5.3698,0.0173,0.0009,0.01019999999999932,0.024395286429964292,,
76,Os,184,108,-0.32,0.018000000000000002,5.3823,0.0022,0.0017,,,0.026399999999999757,0.0027802877548915687
76,,186,110,-0.231,0.015,5.3909,0.0017,0.0014,0.008600000000000385,0.0027802877548915687,0.025100000000000122,0.002860069929215018
76,,187,111,-0.205,0.016,5.3933,0.0018,0.0015,,,,
76,,188,112,-0.14400000000000002,0.011000000000000001,5.3993,0.0011,0.001,0.008399999999999963,0.0020248456731316584,0.025000000000000355,0.002823118842698621
76,,189,113,-0.11900000000000001,0.012,5.4016,0.0012,0.0011,0.008300000000000196,0.0021633307652783934,,
76,,190,114,-0.068,0.006,5.4062,0.0013,0.0006,0.006899999999999906,0.0017029386365926401,,
76,,192,116,0.0,0.0,5.4126,0.0015,0.0,0.006400000000000183,0.0019849433241279205,,
77,Ir,182,105,-0.28300000000000003,0.006,5.3705,0.1061,0.0007,,,,
77,,183,106,-0.203,0.004,5.377999999999999,0.1061,0.0005,,,,
77,,184,107,-0.17600000000000002,0.003,5.3805,0.1061,0.0004,0.009999999999999787,0.1500480589677854,,
77,,185,108,-0.12300000000000001,0.003,5.3854,0.1061,0.0003,0.007400000000000517,0.1500480589677854,,
77,,186,109,-0.073,0.004,5.39,0.1061,0.0004,0.009500000000000064,0.1500480589677854,,
77,,187,110,-0.168,0.003,5.3812,0.1061,0.0004,-0.0041999999999999815,0.1500480589677854,0.021599999999999397,0.10748511524857757
77,,188,111,-0.14,0.004,5.3838,0.1061,0.0004,-0.006199999999999761,0.1500480589677854,,
77,,189,112,-0.076,0.002,5.3898,0.1061,0.0002,0.008600000000000385,0.1500480589677854,0.020000000000000462,0.107501162784409
77,,191,114,0.0,0.0,5.3968,0.1061,0.0,0.006999999999999673,0.1500480589677854,,
77,,193,116,0.069,0.001,5.4032,0.1061,0.0001,0.006400000000000183,0.1500480589677854,,
78,Pt,178,100,-0.529,0.016,5.3728,0.0066,0.0015,,,,
78,,179,101,-0.335,0.021,5.3915,0.005,0.0019,,,,
78,,180,102,-0.36,0.011000000000000001,5.3891,0.0049,0.001,0.016300000000000203,0.008220097323024832,,
78,,181,103,-0.251,0.015,5.3996,0.0041,0.0014,0.008100000000000662,0.006466065264130885,,
78,,182,104,-0.27899999999999997,0.01,5.3969,0.0041,0.0009,0.007799999999999585,0.0063890531379853155,,
78,,183,105,-0.196,0.02,5.4038,0.0036,0.0019,0.0041999999999999815,0.005456189146281496,,
78,,184,106,-0.24,0.018000000000000002,5.4015,0.0036,0.0017,0.004600000000000826,0.005456189146281496,,
78,,185,107,-0.09,0.005,5.4148,0.0028,0.0005,0.010999999999999233,0.004560701700396552,,
78,,186,108,-0.213,0.004,5.4037,0.0036,0.0004,0.0021999999999993136,0.005091168824543142,0.021399999999999864,0.004219004621945797
78,,187,109,-0.188,0.004,5.4063,0.0037,0.0004,-0.00849999999999973,0.004640043103248072,,
78,,188,110,-0.193,0.003,5.4053,0.0034,0.0003,0.001600000000000712,0.004951767361255978,0.01440000000000019,0.0038013155617496425
78,,189,111,-0.187,0.005,5.406000000000001,0.0035,0.0005,-0.0002999999999993008,0.0050931326312987375,0.0127000000000006,0.003935733730830886
78,,190,112,-0.13699999999999998,0.002,5.4108,0.003,0.0002,0.005499999999999616,0.004534313619501853,0.011499999999999844,0.0031953090617340917
78,,191,113,-0.142,0.004,5.4102,0.0031,0.0004,0.004199999999999093,0.004675467891024384,0.008599999999999497,0.0033241540277189324
78,,192,114,-0.073,0.002,5.4169,0.0028,0.0002,0.006099999999999994,0.004103656905736638,0.010699999999999932,0.0030870698080866263
78,,193,115,-0.047,0.006,5.4191,0.0027,0.0006,0.008900000000000574,0.004110960958218893,,
78,,194,116,0.0,0.0,5.4236,0.0025,0.0,0.006700000000000372,0.0037536648758246917,0.01100000000000012,0.00291547594742265
78,,195,117,0.036000000000000004,0.002,5.4270000000000005,0.0026,0.0002,0.00790000000000024,0.003748332962798262,,
78,,196,118,0.075,0.002,5.4307,0.0027,0.0002,0.00709999999999944,0.0036796738985948197,,
78,,198,120,0.154,0.002,5.4383,0.0032,0.0002,0.007600000000000051,0.004186884283091664,,
79,Au,183,104,-0.14,0.009000000000000001,5.4247,0.0043,0.0008,,,,
79,,184,105,-0.077,0.006999999999999999,5.4306,0.0041,0.0011,,,0.060100000000000264,0.10617918816792678
79,,185,106,-0.08800000000000001,0.004,5.4296,0.0041,0.0008,0.0049000000000001265,0.0059413803110051795,0.051600000000000534,0.10617918816792678
79,,186,107,-0.024,0.008,5.4354,0.0039,0.0007,0.004799999999999471,0.005658621740318043,0.05489999999999995,0.10617165346739213
79,,187,108,-0.382,0.005,5.4018,0.0058,0.0008,-0.027800000000000047,0.007102816342831905,0.01639999999999997,0.10625841143175442
79,,188,109,-0.35200000000000004,0.006,5.4049,0.0055,0.0008,-0.03049999999999997,0.006742403132415029,0.014899999999999913,0.10624245855588998
79,,189,110,-0.313,0.004,5.4084,0.0052,0.0006,0.006600000000000605,0.007789736837660178,0.027200000000000557,0.1062273505270653
79,,190,111,-0.284,0.005,5.4109,0.0049,0.0006,0.006000000000000227,0.007366138744281158,0.027099999999999902,0.10621308770580017
79,,191,112,-0.245,0.001,5.4147,0.0046,0.0004,0.006299999999999528,0.006942621983083912,0.0248999999999997,0.10619967043263363
79,,192,113,-0.21100000000000002,0.002,5.4179,0.0044,0.0003,0.007000000000000561,0.006585590330410783,,
79,,193,114,-0.16399999999999998,0.001,5.4221,0.0042,0.0002,0.007400000000000517,0.0062289646009589745,0.025300000000000544,0.10618309658321327
79,,194,115,-0.131,0.001,5.4252,0.004,0.0002,0.007299999999999862,0.005946427498927403,,
79,,195,116,-0.079,0.004,5.4298,0.004,0.0006,0.007699999999999818,0.0058,0.02660000000000018,0.10617537379260786
79,,196,117,-0.043,0.005,5.4332,0.0039,0.0004,0.008000000000000007,0.005586591089385368,,
79,,197,118,0.0,0.0,5.4371,0.0038,0.0,0.007299999999999862,0.0055172456896534884,,
79,,198,119,0.031,0.002,5.44,0.0038,0.0002,0.006800000000000139,0.0054451813560247924,,
79,,199,120,0.09,0.001,5.4454,0.0039,0.0001,0.008300000000000196,0.0054451813560247924,,
80,Hg,181,101,-0.114,0.004,5.4364,0.0032,0.0004,,,0.04490000000000016,0.005936328831862332
80,,182,102,-0.693,0.021,5.3833,0.0052,0.002,,,-0.005799999999999805,0.0071449282711585
80,,183,103,-0.07,0.004,5.4405,0.0031,0.0004,0.004100000000000215,0.004455333881989093,0.040899999999999714,0.005140038910358559
80,,184,104,-0.55,0.002,5.3949,0.0047,0.0002,0.01159999999999961,0.007009279563550023,-0.0019999999999997797,0.006236986451805071
80,,185,105,-0.077,0.001,5.4397,0.0031,0.0001,-0.0007999999999999119,0.0043840620433565946,0.03589999999999982,0.004750789408087881
80,,186,106,-0.47700000000000004,0.001,5.4017,0.0043,0.0001,0.006800000000000139,0.006370243323453194,0.00019999999999953388,0.005608029957123981
80,,187,107,-0.447,0.002,5.4046,0.0042,0.0002,-0.03509999999999991,0.0052201532544552745,-0.01019999999999932,0.005047771785649585
80,,188,108,-0.40399999999999997,0.001,5.4085,0.004,0.0001,0.006800000000000139,0.00587281874401041,0.0048000000000003595,0.005381449618829484
80,,189,109,-0.387,0.002,5.41,0.004,0.0002,0.005399999999999849,0.0058,0.0037000000000002586,0.0054488530903301115
80,,190,110,-0.326,0.001,5.4158,0.0037,0.0001,0.007299999999999862,0.0054488530903301115,0.01049999999999951,0.005024937810560445
80,,191,111,-0.313,0.004,5.4171,0.0037,0.0004,0.00709999999999944,0.0054488530903301115,0.011099999999999,0.0050931326312987375
80,,192,112,-0.24600000000000002,0.001,5.4232,0.0035,0.0001,0.007399999999999629,0.0050931326312987375,0.012399999999999523,0.004609772228646444
80,,193,113,-0.242,0.009000000000000001,5.4238,0.0035,0.0008,0.006700000000000372,0.0050931326312987375,0.013600000000000279,0.004675467891024384
80,,194,114,-0.16399999999999998,0.001,5.4309,0.0033,0.0001,0.007700000000000706,0.004810405388322277,0.014000000000000234,0.00432781700167648
80,,195,115,-0.126,0.005,5.4345,0.0032,0.0005,0.010699999999999932,0.004742362280551751,0.015399999999999636,0.004186884283091664
80,,196,116,-0.0825,0.0001,5.4385,0.0031,0.0001,0.007600000000000051,0.004527692569068708,0.014899999999999913,0.003982461550347975
80,,197,117,-0.054000000000000006,0.003,5.4412,0.0031,0.0003,0.006700000000000372,0.004455333881989093,0.014199999999999768,0.004045985664828782
80,,198,118,0.0,0.0,5.4463,0.0031,0.0,0.007799999999999585,0.0043840620433565946,0.015600000000000058,0.004110960958218893
80,,199,119,0.013000000000000001,0.0001,5.4474,0.0031,0.0002,0.006199999999999761,0.0043840620433565946,,
80,,200,120,0.0942,0.0001,5.4551,0.0031,0.0003,0.008799999999999919,0.0043840620433565946,0.016799999999999926,0.004455333881989093
80,,201,121,0.1258,0.0001,5.4581,0.0032,0.0003,0.010699999999999932,0.004455333881989093,,
80,,202,122,0.1981,0.0001,5.4648,0.0033,0.0003,0.009700000000000486,0.004527692569068708,,
80,,203,123,0.231,0.004,5.4679,0.0035,0.0003,0.009800000000000253,0.004742362280551751,,
80,,204,124,0.3001,0.0001,5.4744,0.0036,0.0003,0.009599999999999831,0.004883646178829912,,
80,,205,125,0.33299999999999996,0.002,5.4776,0.0038,0.0003,0.009699999999999598,0.005166236541235796,,
80,,206,126,0.397,0.002,5.4837,0.004,0.0003,0.009299999999999642,0.005381449618829484,,
81,Tl,188,107,-0.7708,0.0005,5.4017,0.0072,0.0013,,,-0.03369999999999962,0.00818840643837371
81,,190,109,-0.6693,0.0003,5.4121,0.0056,0.0013,0.010399999999999743,0.009121403400793104,0.007200000000000095,0.007849203781276163
81,,191,110,-0.6201,0.0007,5.4169,0.0048,0.0003,,,0.00849999999999973,0.007076722405181653
81,,192,111,-0.5967,0.0003,5.4191,0.0051,0.0012,0.007000000000000561,0.007574298647399639,0.00820000000000043,0.007072481884034769
81,,193,112,-0.542,0.011000000000000001,5.4243,0.0042,0.0008,0.007399999999999629,0.006378087487640789,0.009599999999999831,0.0062289646009589745
81,,194,113,-0.5261,0.0005,5.4259,0.0046,0.001,0.006800000000000139,0.00686804193347711,0.008000000000000007,0.006365532185135819
81,,195,114,-0.457,0.006999999999999999,5.4325,0.0039,0.0006,0.00820000000000043,0.00573149195236284,0.010399999999999743,0.00573149195236284
81,,196,115,-0.4546,0.0005,5.4327,0.0042,0.0009,0.006799999999999251,0.0062289646009589745,0.007499999999999396,0.0058
81,,197,116,-0.391,0.001,5.4388,0.0036,0.0002,0.006299999999999528,0.0053075418038862395,0.008999999999999453,0.005381449618829484
81,,198,117,-0.38299999999999995,0.006999999999999999,5.4396,0.0036,0.0006,0.006900000000000794,0.005531726674375732,0.006400000000000183,0.0053075418038862395
81,,199,118,-0.29600000000000004,0.006999999999999999,5.4479,0.0031,0.0006,0.009100000000000108,0.004750789408087881,0.010799999999999699,0.004904079934095692
81,,200,119,-0.28300000000000003,0.006999999999999999,5.4491,0.0031,0.0006,0.009499999999999176,0.004750789408087881,0.00909999999999922,0.004904079934095692
81,,201,120,-0.19699999999999998,0.001,5.4573,0.0029,0.0004,0.009400000000000297,0.004244997055358225,0.0118999999999998,0.004860041152089147
81,,202,121,-0.174,0.006999999999999999,5.4595,0.0027,0.0006,0.010400000000000631,0.004110960958218893,,
81,,203,122,-0.0978,0.0001,5.4666,0.0027,0.0002,0.009299999999999642,0.003962322551231789,,
81,,204,123,-0.06,0.006999999999999999,5.4704,0.0028,0.0006,0.010899999999999466,0.003889730067755345,,
81,,205,124,0.0,0.0,5.4759,0.0026,0.0,0.00930000000000053,0.003748332962798262,,
81,,207,126,0.0993,0.0002,5.4853,0.0027,0.0002,0.009399999999999409,0.003748332962798262,,
81,,208,127,0.185,0.013000000000000001,5.4946,0.0028,0.0012,,,,
82,Pb,182,100,-1.311,0.013000000000000001,5.3788,0.0035,0.0012,,,,
82,,183,101,-1.225,0.008,5.3869,0.003,0.0007,,,-0.0495000000000001,0.004386342439892262
82,,184,102,-1.16,0.005,5.393,0.0029,0.0005,0.014199999999999768,0.004545327270945405,0.009699999999999598,0.005953990258641678
82,,185,103,-1.103,0.008,5.3984,0.0028,0.0007,0.011499999999999844,0.004103656905736638,-0.04210000000000047,0.004177319714841084
82,,186,104,-1.057,0.005,5.4027,0.0027,0.0005,0.009700000000000486,0.003962322551231789,0.007800000000000473,0.005420332093147061
82,,187,105,-1.002,0.006,5.4079,0.0026,0.0006,0.009500000000000064,0.00382099463490856,-0.031800000000000495,0.004045985664828782
82,,188,106,-0.938,0.006,5.4139,0.0025,0.0006,0.011199999999999655,0.0036796738985948197,0.012199999999999989,0.004973932046178355
82,,189,107,-0.898,0.008,5.4177,0.0024,0.0007,0.009800000000000253,0.0035383612025908263,0.013099999999999667,0.004837354648979129
82,,190,108,-0.851,0.002,5.4222,0.0023,0.0005,0.008300000000000196,0.003397057550292606,0.013700000000000045,0.004614108798023731
82,,191,109,-0.845,0.004,5.4229,0.0026,0.0011,0.0052000000000003155,0.0035383612025908263,0.012900000000000134,0.004770744176750625
82,,192,110,-0.7659999999999999,0.005,5.43,0.0025,0.0011,0.007799999999999585,0.003397057550292606,0.014199999999999768,0.004465422712353222
82,,193,111,-0.7559999999999999,0.003,5.431,0.0023,0.0007,0.008099999999999774,0.003471310991541956,0.013900000000000468,0.0043566041821583934
82,,194,112,-0.6890000000000001,0.004,5.4372,0.0023,0.0009,0.007200000000000095,0.003397057550292606,0.014000000000000234,0.004188078318274385
82,,195,113,-0.6709999999999999,0.004,5.4389,0.0045,0.0011,0.00790000000000024,0.005053711507397311,0.015100000000000335,0.005700877125495689
82,,196,114,-0.611,0.005,5.4444,0.0024,0.0014,0.007200000000000095,0.0033241540277189324,0.013499999999999623,0.004080441152620633
82,,197,115,-0.609,0.003,5.4446,0.0024,0.0014,0.005700000000000038,0.0050999999999999995,0.010100000000000442,0.004
82,,198,116,-0.5258,0.0002,5.4524,0.0022,0.0012,0.008000000000000007,0.003255764119219941,0.01389999999999958,0.0038013155617496425
82,,199,117,-0.5206,0.0005,5.4529,0.0022,0.0012,0.008299999999999308,0.003255764119219941,0.011699999999999378,0.0038013155617496425
82,,200,118,-0.4322,0.0002,5.4611,0.002,0.001,0.008700000000000152,0.0029732137494637013,0.014800000000000146,0.0036891733491393433
82,,201,119,-0.4127,0.0003,5.4629,0.0019,0.0009,0.010000000000000675,0.0029068883707497268,0.015500000000000291,0.0036359317925395685
82,,202,120,-0.3307,0.0002,5.4705,0.0017,0.0007,0.009400000000000297,0.0026248809496813375,0.015400000000000524,0.0035355339059327377
82,,203,121,-0.3071,0.0003,5.4727,0.0017,0.0007,0.009799999999999365,0.0025495097567963926,0.014599999999999724,0.0036235341863986876
82,,204,122,-0.2249,0.0001,5.4803,0.0014,0.0005,0.009799999999999365,0.002202271554554524,0.015499999999999403,0.003584689665786984
82,,205,123,-0.1983,0.0002,5.4828,0.0015,0.0005,0.010100000000000442,0.0022671568097509267,0.014899999999999913,0.0038078865529319545
82,,206,124,-0.1189,0.0001,5.4902,0.0014,0.0003,0.00990000000000002,0.001979898987322333,0.015799999999999592,0.003862641583165593
82,,207,125,-0.0743,0.0001,5.4943,0.0014,0.0002,0.011499999999999844,0.002051828452868319,0.01670000000000016,0.004049691346263317
82,,208,126,0.0,0.0,5.5012,0.0013,0.0,0.01100000000000012,0.00191049731745428,0.01750000000000007,0.0042059481689626175
82,,209,127,0.0945,0.0005,5.51,0.0014,0.0003,0.015699999999999825,0.001979898987322333,,
82,,210,128,0.2125,0.0002,5.5208,0.0016,0.0007,0.019600000000000506,0.00206155281280883,,
82,,211,129,0.302,0.0003,5.529,0.0017,0.0007,0.019000000000000128,0.002202271554554524,,
82,,212,130,0.4178,0.0016,5.5396,0.0019,0.0003,0.018799999999999706,0.0024839484696748443,,
82,,214,132,0.615,0.0011,5.5577,0.0023,0.0002,0.01809999999999956,0.0029832867780352594,,
83,Bi,202,119,-0.408,0.002,5.484,0.0069,0.0002,,,0.034900000000000375,0.007564390259630977
83,,203,120,-0.33,0.002,5.4911,0.0058,0.0002,,,0.033800000000000274,0.0064845971347493895
83,,204,121,-0.305,0.003,5.4934,0.0055,0.0003,0.009400000000000297,0.008823831367382311,0.03390000000000004,0.006126989472816156
83,,205,122,-0.22399999999999998,0.001,5.5008,0.0044,0.0001,0.009699999999999598,0.007280109889280518,0.03420000000000023,0.005162363799656123
83,,206,123,-0.196,0.001,5.5034,0.004,0.0001,0.009999999999999787,0.006800735254367722,0.03300000000000036,0.004882622246293481
83,,207,124,-0.11900000000000001,0.002,5.5103,0.0032,0.0002,0.009500000000000064,0.005440588203494178,0.034399999999999764,0.00412310562561766
83,,208,125,-0.071,0.002,5.5147,0.0028,0.0002,0.01130000000000031,0.004882622246293481,,
83,,209,126,0.0,0.0,5.5211,0.0026,0.0,0.010799999999999699,0.00412310562561766,0.035800000000000054,0.003748332962798262
83,,210,127,0.099,0.003,5.53,0.003,0.0003,0.01529999999999987,0.004103656905736638,0.0354000000000001,0.004103656905736638
83,,212,129,0.307,0.004,5.5489,0.0054,0.0004,0.018899999999999473,0.0061773780845922,,
83,,213,130,0.41600000000000004,0.001,5.5586,0.0069,0.0001,,,,
84,Po,192,108,-0.40299999999999997,0.019,5.522,0.0178,0.0017,,,0.09980000000000011,0.017947980387776227
84,,194,110,-0.462,0.016,5.5167,0.0178,0.0014,-0.005300000000000082,0.02517300141024109,0.08670000000000044,0.017974704448196082
84,,196,112,-0.496,0.013000000000000001,5.5136,0.0178,0.0012,-0.0030999999999998806,0.02517300141024109,0.07640000000000047,0.017947980387776227
84,,198,114,-0.485,0.017,5.5146,0.0178,0.0015,0.0009999999999994458,0.02517300141024109,0.07019999999999982,0.017961069010501575
84,,200,116,-0.426,0.013999999999999999,5.5199,0.0178,0.0013,0.005300000000000082,0.02517300141024109,0.0674999999999999,0.017935439777156288
84,,202,118,-0.336,0.015,5.5281,0.0177,0.0014,0.00820000000000043,0.025102390324429267,0.06700000000000017,0.017812635964393368
84,,204,120,-0.22899999999999998,0.013999999999999999,5.5378,0.0177,0.0013,0.009699999999999598,0.025031580054003785,0.06729999999999947,0.017781451009408655
84,,205,121,-0.21600000000000003,0.013999999999999999,5.5389,0.0177,0.0013,,,0.06620000000000026,0.017781451009408655
84,,206,122,-0.11599999999999999,0.013999999999999999,5.547999999999999,0.0177,0.0013,0.01019999999999932,0.025031580054003785,0.06769999999999943,0.017755280904564706
84,,207,123,-0.092,0.013999999999999999,5.5501,0.0177,0.0013,0.011199999999999655,0.025031580054003785,0.06729999999999947,0.017763445611704953
84,,208,124,0.0,0.0,5.5584,0.0176,0.0,0.010400000000000631,0.02496096953245206,0.06820000000000004,0.017655594014362702
84,,209,125,0.049,0.012,5.5628,0.0176,0.0011,0.0127000000000006,0.02496096953245206,0.06850000000000023,0.017655594014362702
84,,210,126,0.134,0.01,5.5704,0.0176,0.0009,0.012000000000000455,0.024890158697766472,0.06920000000000037,0.01764794605612789
84,,216,132,0.867,0.013999999999999999,5.6359,0.0174,0.0012,,,0.07820000000000071,0.017551353224181887
84,,218,134,1.092,0.015,5.6558,0.0173,0.0013,0.019899999999999807,0.024536707195546837,,
86,Rn,202,116,-0.4382,0.0004,5.5521,0.0181,0.0001,,,0.03220000000000045,0.025386019774671253
86,,204,118,-0.386,0.0003,5.5568,0.018000000000000002,0.0001,0.004699999999999704,0.025526652737873804,0.028699999999999726,0.025244603383693713
86,,205,119,-0.3849,0.0003,5.5569,0.018000000000000002,0.0001,,,,
86,,206,120,-0.3058,0.0003,5.564,0.0178,0.0001,0.007200000000000095,0.025314817795117548,0.026200000000000223,0.025102390324429267
86,,207,121,-0.2926,0.0002,5.5652,0.0178,0.0001,0.008300000000000196,0.025314817795117548,0.02629999999999999,0.025102390324429267
86,,208,122,-0.2125,0.0002,5.5725,0.0177,4e-05,0.00849999999999973,0.025102390324429267,0.024500000000000632,0.025031580054003785
86,,209,123,-0.1917,0.0001,5.5743,0.0177,2.9999999999999997e-05,0.009100000000000108,0.025102390324429267,0.024200000000000443,0.025031580054003785
86,,210,124,-0.1143,0.0001,5.5813,0.0177,2e-05,0.008799999999999919,0.025031580054003785,0.02289999999999992,0.02496096953245206
86,,211,125,-0.0735,0.0001,5.585,0.0176,1e-05,0.010699999999999932,0.02496096953245206,0.022199999999999775,0.024890158697766472
86,,212,126,0.0,0.0,5.5915,0.0176,0.0,0.010200000000000209,0.02496096953245206,0.021099999999999675,0.024890158697766472
86,,218,132,0.7,0.0003,5.654,0.0187,0.0001,,,0.01809999999999956,0.025543100829773974
86,,219,133,0.8212,0.0003,5.6648,0.0191,0.0001,,,,
86,,220,134,0.9151,0.0003,5.6731,0.0194,0.0002,0.019099999999999895,0.026945314991664134,0.01729999999999965,0.02599326835932719
86,,221,135,1.032,0.0004,5.6834,0.0199,0.0002,0.018600000000000172,0.0275829657578731,,
86,,222,136,1.1236,0.0004,5.6915,0.0203,0.0002,0.01839999999999975,0.028079351844371336,,
87,Fr,207,120,-0.21794000000000002,0.00016,5.572,0.0176,4e-05,,,,
87,,208,121,-0.20804,0.00011999999999999999,5.5729,0.0176,2.9999999999999997e-05,,,,
87,,209,122,-0.13043,8e-05,5.5799,0.0176,2e-05,0.00790000000000024,0.024890158697766472,,
87,,210,123,-0.10830999999999999,4e-05,5.5818,0.0176,2e-05,0.008900000000000574,0.024890158697766472,,
87,,211,124,-0.03757,4e-05,5.5882,0.0176,1e-05,0.008299999999999308,0.024890158697766472,,
87,,212,125,0.0,0.0,5.5915,0.0176,0.0,0.009699999999999598,0.024890158697766472,,
87,,213,126,0.06829,8e-05,5.5977,0.0176,1e-05,0.009500000000000064,0.024890158697766472,,
87,,220,133,0.86725,0.00045,5.6688,0.0177,0.0001,,,,
87,,221,134,0.98269,0.00033,5.678999999999999,0.0177,0.0002,,,,
87,,222,135,1.09543,0.00011999999999999999,5.689,0.0177,0.0002,0.020199999999999996,0.025031580054003785,,
87,,223,136,1.16507,8e-05,5.6951,0.0178,0.0002,0.01610000000000067,0.025102390324429267,,
87,,224,137,1.2893700000000001,4e-05,5.7061,0.0178,0.0002,0.017100000000000115,0.025102390324429267,,
87,,225,138,1.3486200000000002,0.00022,5.7112,0.0178,0.0002,0.01609999999999978,0.02517300141024109,,
87,,226,139,1.4369999999999998,4e-05,5.718999999999999,0.0178,0.0002,0.012899999999999245,0.02517300141024109,,
87,,227,140,1.60249,8e-05,5.7335,0.0179,0.0002,0.02230000000000043,0.025243811122728676,,
87,,228,141,1.6752200000000002,0.0002,5.7399,0.0179,0.0003,0.02090000000000014,0.025243811122728676,,
88,Ra,208,120,-0.256,0.0002,5.585,0.0183,0.0024,,,0.020999999999999908,0.025529003114105338
88,,209,121,-0.253,0.0002,5.5853,0.0182,0.0022,,,0.02010000000000023,0.025457415422622934
88,,210,122,-0.182,0.0002,5.5917,0.018000000000000002,0.0017,0.006700000000000372,0.025668852720758677,0.01920000000000055,0.025244603383693713
88,,211,123,-0.168,0.0001,5.5929,0.0179,0.0015,0.007600000000000051,0.02552743622066266,0.018600000000000172,0.025173398658107332
88,,212,124,-0.099,0.0001,5.5991,0.0177,0.0009,0.007399999999999629,0.025244603383693713,0.01780000000000026,0.025031580054003785
88,,213,125,-0.066,0.0001,5.602,0.0177,0.0006,0.009100000000000108,0.025173398658107332,0.017000000000000348,0.02496096953245206
88,,214,126,0.0,0.0,5.6079,0.0177,0.0,0.008799999999999919,0.025031580054003785,0.01639999999999997,0.02496096953245206
88,,220,132,0.679,0.0002,5.6683,0.0215,0.0062,,,0.014300000000000423,0.02849456088449162
88,,221,133,0.805,0.0002,5.6795,0.0228,0.0073,,,0.01470000000000038,0.029743066418915182
88,,222,134,0.895,0.0002,5.6874,0.0239,0.0081,0.019099999999999895,0.032147472684489524,0.014300000000000423,0.03078262496929071
88,,223,135,1.0070000000000001,0.0003,5.6973,0.0253,0.0091,0.01780000000000026,0.03405774508096506,0.013900000000000468,0.032188507265792865
88,,224,136,1.09,0.0003,5.7046,0.0263,0.0098,0.017199999999999882,0.03553730434346421,0.013100000000000556,0.033223184675765204
88,,225,137,1.208,0.0003,5.715,0.0279,0.0108,0.017699999999999605,0.03766297917053297,,
88,,226,138,1.2770000000000001,0.0003,5.7211,0.0288,0.0115,0.016499999999999737,0.03900166663105565,,
88,,227,139,1.365,0.0004,5.7283,0.03,0.0123,0.01330000000000009,0.04096840245848012,,
88,,228,140,1.459,0.0004,5.737,0.0315,0.0131,0.015900000000000247,0.04268126052496576,,
88,,229,141,1.556,0.0005,5.7455,0.0329,0.013999999999999999,0.017199999999999882,0.04452426304836499,,
88,,230,142,1.6669999999999998,0.0005,5.7551,0.0346,0.015,0.01809999999999956,0.0467911316383778,,
88,,232,144,1.854,0.0005,5.7714,0.0375,0.0166,0.016300000000000203,0.051023621980412166,,
90,Th,227,137,-0.508,0.003,5.7404,0.0165,0.0062,,,0.02540000000000031,0.032413885913293396
90,,228,138,-0.413,0.001,5.7488,0.0152,0.0049,,,0.02770000000000028,0.03256501189927619
90,,229,139,-0.33399999999999996,0.001,5.7557,0.0143,0.004,0.01529999999999987,0.02183437656540713,0.02740000000000009,0.033233868267175885
90,,230,140,-0.205,0.0004,5.767,0.0131,0.0025,0.018200000000000216,0.020066140635408694,0.03000000000000025,0.03411539242043099
90,,232,142,0.0,0.0,5.7848,0.0124,0.0,0.017799999999999372,0.01803801541190161,0.02970000000000006,0.03675486362374373
92,U,233,141,-0.435,0.001,5.8203,0.0049,0.0043,,,,
92,,234,142,-0.33399999999999996,0.001,5.8291,0.0052,0.0033,,,0.04430000000000067,0.013446189051177289
92,,235,143,-0.2803,0.0002,5.8337,0.0041,0.0027,0.013400000000000745,0.0063890531379853155,,
92,,236,144,-0.1676,0.0002,5.8431,0.0038,0.0016,0.013999999999999346,0.006440496875241847,,
92,,238,146,0.0,0.0,5.8571,0.0033,0.0,0.014000000000000234,0.005032891812864647,,
94,Pu,238,144,-0.08199999999999999,0.004,5.8535,0.0378,0.0012,,,0.010400000000000631,0.0379905251345648
94,,239,145,0.0,0.0,5.8601,0.0378,0.0,,,,
94,,240,146,0.122,0.003,5.8701,0.0379,0.0016,0.016599999999999504,0.05352803004034429,0.0129999999999999,0.03804339627320358
94,,241,147,0.179,0.004,5.8748,0.0379,0.0019,0.014699999999999491,0.05352803004034429,,
94,,242,148,0.273,0.004,5.8823,0.038,0.0024,0.012199999999999989,0.05366945127351313,,
94,,244,150,0.426,0.008,5.8948,0.0382,0.0032,0.012500000000000178,0.053881722318426306,,
95,Am,241,146,-0.142,0.008,5.8928,0.0042,0.0012,,,,
95,,243,148,0.0,0.0,5.9048,0.0035,0.0,0.011999999999999567,0.005467174773134658,,
96,Cm,242,146,-0.168,0.055999999999999994,5.8285,0.0192,0.0049,,,-0.04159999999999986,0.04248588000736245
96,,244,148,0.0,0.0,5.8429,0.0181,0.0,0.01440000000000019,0.026386549603917522,-0.03939999999999966,0.042090497739988776
96,,245,149,0.054000000000000006,0.011000000000000001,5.8475,0.0182,0.001,,,,
96,,246,150,0.156,0.022000000000000002,5.8562,0.0184,0.002,0.01330000000000009,0.02581026927406996,-0.038599999999999746,0.042400471695489425
96,,248,152,0.303,0.054000000000000006,5.8687,0.0193,0.004,0.01249999999999929,0.026665520808714763,,
